,MSOA,Crime type,p,q,aic,,p,p,,q,q
0,1,Anti-social behaviour,3,2,1297.096161,,1,937,,1,883
1,1,Bicycle theft,2,3,878.4444565,,2,557,,2,526
2,1,Burglary,2,1,1002.068417,,3,452,,3,537
3,1,Criminal damage and arson,2,2,1040.353175,,,,,,
4,1,Drugs,1,1,852.4031739,,,,,,
5,1,Other crime,2,2,936.8126124,,,,,,
6,1,Other theft,2,3,1007.258531,,,,,,
7,1,Possession of weapons,2,1,656.5588505,,,,,,
8,1,Public order,3,1,956.7474518,,,,,,
9,1,Robbery,1,2,732.8647222,,,,,,
10,1,Shoplifting,1,1,932.0204666,,,,,,
11,1,Theft from the person,1,1,831.8417184,,,,,,
12,1,Vehicle crime,3,3,983.925548,,,,,,
13,1,Violence and sexual offences,2,2,1155.769893,,,,,,
14,2,Anti-social behaviour,3,2,1304.756611,,,,,,
15,2,Bicycle theft,1,2,891.9947288,,,,,,
16,2,Burglary,1,1,1009.170094,,,,,,
17,2,Criminal damage and arson,3,3,1017.793506,,,,,,
18,2,Drugs,3,3,905.8042713,,,,,,
19,2,Other crime,1,2,934.6340397,,,,,,
20,2,Other theft,1,3,1038.558168,,,,,,
21,2,Possession of weapons,2,3,663.0722483,,,,,,
22,2,Public order,1,2,970.393037,,,,,,
23,2,Robbery,2,3,733.3257057,,,,,,
24,2,Shoplifting,2,3,917.1387025,,,,,,
25,2,Theft from the person,2,2,817.4086541,,,,,,
26,2,Vehicle crime,1,2,978.2117421,,,,,,
27,2,Violence and sexual offences,2,2,1162.148509,,,,,,
28,3,Anti-social behaviour,3,2,1317.083773,,,,,,
29,3,Bicycle theft,3,2,895.9143025,,,,,,
30,3,Burglary,1,1,1026.214438,,,,,,
31,3,Criminal damage and arson,1,1,1027.549344,,,,,,
32,3,Drugs,3,2,897.6217052,,,,,,
33,3,Other crime,1,1,994.8252629,,,,,,
34,3,Other theft,1,3,1033.71873,,,,,,
35,3,Possession of weapons,2,2,675.3613397,,,,,,
36,3,Public order,3,2,967.1825837,,,,,,
37,3,Robbery,1,1,725.4639478,,,,,,
38,3,Shoplifting,2,3,943.9699208,,,,,,
39,3,Theft from the person,3,3,826.7385523,,,,,,
40,3,Vehicle crime,1,2,966.0811499,,,,,,
41,3,Violence and sexual offences,1,1,1154.360831,,,,,,
42,4,Anti-social behaviour,3,2,1335.376293,,,,,,
43,4,Bicycle theft,1,3,924.1988733,,,,,,
44,4,Burglary,3,3,997.5069101,,,,,,
45,4,Criminal damage and arson,3,3,1025.758688,,,,,,
46,4,Drugs,2,3,884.5090029,,,,,,
47,4,Other crime,2,2,994.1215363,,,,,,
48,4,Other theft,2,2,1062.905945,,,,,,
49,4,Possession of weapons,2,1,702.9100703,,,,,,
50,4,Public order,3,2,982.3665805,,,,,,
51,4,Robbery,1,1,741.2261323,,,,,,
52,4,Shoplifting,3,3,948.2584328,,,,,,
53,4,Theft from the person,3,2,863.305849,,,,,,
54,4,Vehicle crime,1,3,981.369048,,,,,,
55,4,Violence and sexual offences,3,2,1182.548952,,,,,,
56,5,Anti-social behaviour,3,2,1305.124458,,,,,,
57,5,Bicycle theft,2,1,899.1875771,,,,,,
58,5,Burglary,1,1,995.7235928,,,,,,
59,5,Criminal damage and arson,2,3,1001.29176,,,,,,
60,5,Drugs,2,3,853.1287521,,,,,,
61,5,Other crime,2,2,955.910468,,,,,,
62,5,Other theft,2,3,1040.473203,,,,,,
63,5,Possession of weapons,1,3,694.1815162,,,,,,
64,5,Public order,3,2,966.3811555,,,,,,
65,5,Robbery,1,1,743.3747026,,,,,,
66,5,Shoplifting,1,1,931.1365236,,,,,,
67,5,Theft from the person,1,1,766.2882057,,,,,,
68,5,Vehicle crime,3,3,961.7870271,,,,,,
69,5,Violence and sexual offences,1,1,1147.417756,,,,,,
70,6,Anti-social behaviour,3,2,1315.224417,,,,,,
71,6,Bicycle theft,1,3,916.9085049,,,,,,
72,6,Burglary,3,2,964.3266601,,,,,,
73,6,Criminal damage and arson,3,2,1036.749995,,,,,,
74,6,Drugs,2,3,857.5317671,,,,,,
75,6,Other crime,2,2,980.7842127,,,,,,
76,6,Other theft,2,3,1038.806363,,,,,,
77,6,Possession of weapons,3,3,736.3482915,,,,,,
78,6,Public order,3,1,989.6385464,,,,,,
79,6,Robbery,2,3,738.9913359,,,,,,
80,6,Shoplifting,3,3,991.3499497,,,,,,
81,6,Theft from the person,3,3,848.8016984,,,,,,
82,6,Vehicle crime,3,3,988.1528646,,,,,,
83,6,Violence and sexual offences,3,3,1187.334846,,,,,,
84,7,Anti-social behaviour,3,2,1333.938187,,,,,,
85,7,Bicycle theft,1,1,981.3348683,,,,,,
86,7,Burglary,3,2,980.0495993,,,,,,
87,7,Criminal damage and arson,3,3,1022.04386,,,,,,
88,7,Drugs,3,3,880.7042804,,,,,,
89,7,Other crime,2,2,985.9392726,,,,,,
90,7,Other theft,1,1,1082.318798,,,,,,
91,7,Possession of weapons,3,2,677.6228664,,,,,,
92,7,Public order,3,1,1000.672192,,,,,,
93,7,Robbery,1,2,744.000777,,,,,,
94,7,Shoplifting,1,1,975.3615387,,,,,,
95,7,Theft from the person,1,2,868.4504274,,,,,,
96,7,Vehicle crime,2,3,970.4929315,,,,,,
97,7,Violence and sexual offences,2,3,1165.966335,,,,,,
98,8,Anti-social behaviour,3,2,1326.415854,,,,,,
99,8,Bicycle theft,1,2,968.0476297,,,,,,
100,8,Burglary,2,2,1003.735369,,,,,,
101,8,Criminal damage and arson,2,3,1032.817017,,,,,,
102,8,Drugs,2,3,868.7912881,,,,,,
103,8,Other crime,1,1,997.1325032,,,,,,
104,8,Other theft,3,1,12,,,,,,
105,8,Possession of weapons,2,1,692.7834717,,,,,,
106,8,Public order,3,3,1015.780289,,,,,,
107,8,Robbery,1,1,746.0738697,,,,,,
108,8,Shoplifting,2,3,975.8691576,,,,,,
109,8,Theft from the person,2,2,868.6201391,,,,,,
110,8,Vehicle crime,3,3,966.8857186,,,,,,
111,8,Violence and sexual offences,2,3,1189.171606,,,,,,
112,9,Anti-social behaviour,2,2,1340.370501,,,,,,
113,9,Bicycle theft,2,3,906.6214733,,,,,,
114,9,Burglary,2,3,974.0182714,,,,,,
115,9,Criminal damage and arson,1,1,1031.584647,,,,,,
116,9,Drugs,1,2,866.8109468,,,,,,
117,9,Other crime,1,1,955.5914983,,,,,,
118,9,Other theft,1,2,1055.159729,,,,,,
119,9,Possession of weapons,1,1,690.8490474,,,,,,
120,9,Public order,3,1,995.0335536,,,,,,
121,9,Robbery,1,1,730.5918497,,,,,,
122,9,Shoplifting,1,2,960.1969837,,,,,,
123,9,Theft from the person,1,1,831.66934,,,,,,
124,9,Vehicle crime,3,3,961.9148743,,,,,,
125,9,Violence and sexual offences,2,3,1172.082273,,,,,,
126,10,Anti-social behaviour,3,2,1315.782099,,,,,,
127,10,Bicycle theft,2,1,940.724015,,,,,,
128,10,Burglary,3,3,1009.601898,,,,,,
129,10,Criminal damage and arson,3,3,1035.664196,,,,,,
130,10,Drugs,2,3,868.5628889,,,,,,
131,10,Other crime,1,1,991.0926933,,,,,,
132,10,Other theft,2,2,1061.172931,,,,,,
133,10,Possession of weapons,1,1,703.100543,,,,,,
134,10,Public order,3,1,999.677658,,,,,,
135,10,Robbery,2,2,705.8009595,,,,,,
136,10,Shoplifting,3,3,996.5451449,,,,,,
137,10,Theft from the person,3,3,825.5784423,,,,,,
138,10,Vehicle crime,3,2,970.748173,,,,,,
139,10,Violence and sexual offences,2,2,1182.862431,,,,,,
140,11,Anti-social behaviour,3,2,1295.060436,,,,,,
141,11,Bicycle theft,2,1,929.1220234,,,,,,
142,11,Burglary,2,3,964.8911581,,,,,,
143,11,Criminal damage and arson,3,3,1039.152099,,,,,,
144,11,Drugs,1,1,868.7974108,,,,,,
145,11,Other crime,1,1,980.7830201,,,,,,
146,11,Other theft,1,2,1054.650841,,,,,,
147,11,Possession of weapons,2,3,691.1089681,,,,,,
148,11,Public order,3,1,989.8023236,,,,,,
149,11,Robbery,1,2,708.9598245,,,,,,
150,11,Shoplifting,1,1,975.7764435,,,,,,
151,11,Theft from the person,2,3,875.4242141,,,,,,
152,11,Vehicle crime,3,3,979.6517262,,,,,,
153,11,Violence and sexual offences,2,3,1157.555863,,,,,,
154,12,Anti-social behaviour,3,2,1290.052506,,,,,,
155,12,Bicycle theft,3,2,917.5695801,,,,,,
156,12,Burglary,1,2,983.3205531,,,,,,
157,12,Criminal damage and arson,3,3,1018.822933,,,,,,
158,12,Drugs,2,3,851.4208747,,,,,,
159,12,Other crime,2,3,931.5279828,,,,,,
160,12,Other theft,3,2,1041.446807,,,,,,
161,12,Possession of weapons,1,2,664.8549711,,,,,,
162,12,Public order,2,3,957.1818819,,,,,,
163,12,Robbery,2,3,740.4724946,,,,,,
164,12,Shoplifting,1,1,948.3447803,,,,,,
165,12,Theft from the person,1,1,884.4283322,,,,,,
166,12,Vehicle crime,2,3,958.0626093,,,,,,
167,12,Violence and sexual offences,1,2,1142.542435,,,,,,
168,13,Anti-social behaviour,3,2,1294.346691,,,,,,
169,13,Bicycle theft,2,2,895.2150635,,,,,,
170,13,Burglary,2,3,954.0768824,,,,,,
171,13,Criminal damage and arson,1,1,997.4027944,,,,,,
172,13,Drugs,3,3,866.5721995,,,,,,
173,13,Other crime,3,3,971.2533738,,,,,,
174,13,Other theft,3,2,1101.500517,,,,,,
175,13,Possession of weapons,1,1,694.8778072,,,,,,
176,13,Public order,3,1,969.1738233,,,,,,
177,13,Robbery,1,1,786.397625,,,,,,
178,13,Shoplifting,3,3,949.6116292,,,,,,
179,13,Theft from the person,2,2,983.4936679,,,,,,
180,13,Vehicle crime,1,1,976.0595427,,,,,,
181,13,Violence and sexual offences,2,3,1160.018745,,,,,,
182,14,Anti-social behaviour,2,2,1303.747601,,,,,,
183,14,Bicycle theft,1,3,910.2069621,,,,,,
184,14,Burglary,3,3,968.1797774,,,,,,
185,14,Criminal damage and arson,3,3,989.2992744,,,,,,
186,14,Drugs,3,2,909.8902713,,,,,,
187,14,Other crime,1,1,942.0812944,,,,,,
188,14,Other theft,1,3,1044.458854,,,,,,
189,14,Possession of weapons,3,3,673.0168568,,,,,,
190,14,Public order,3,2,947.8924463,,,,,,
191,14,Robbery,1,1,732.115867,,,,,,
192,14,Shoplifting,2,3,908.1696115,,,,,,
193,14,Theft from the person,1,1,822.7366008,,,,,,
194,14,Vehicle crime,3,2,950.7253735,,,,,,
195,14,Violence and sexual offences,1,1,1141.344811,,,,,,
196,15,Anti-social behaviour,2,2,1297.940195,,,,,,
197,15,Bicycle theft,2,3,894.3620275,,,,,,
198,15,Burglary,3,3,956.5911382,,,,,,
199,15,Criminal damage and arson,2,3,971.8586639,,,,,,
200,15,Drugs,1,2,857.1284359,,,,,,
201,15,Other crime,1,2,928.0403808,,,,,,
202,15,Other theft,3,3,1019.768659,,,,,,
203,15,Possession of weapons,1,2,674.5987873,,,,,,
204,15,Public order,1,1,970.2720002,,,,,,
205,15,Robbery,1,1,749.9469807,,,,,,
206,15,Shoplifting,1,1,945.665542,,,,,,
207,15,Theft from the person,2,1,854.7777381,,,,,,
208,15,Vehicle crime,2,3,975.5273432,,,,,,
209,15,Violence and sexual offences,1,1,1128.779561,,,,,,
210,16,Anti-social behaviour,3,2,1253.102876,,,,,,
211,16,Bicycle theft,1,1,858.8763021,,,,,,
212,16,Burglary,2,3,957.4319279,,,,,,
213,16,Criminal damage and arson,3,3,966.9915395,,,,,,
214,16,Drugs,1,2,789.5527853,,,,,,
215,16,Other crime,2,2,937.4045118,,,,,,
216,16,Other theft,1,1,992.445987,,,,,,
217,16,Possession of weapons,1,1,650.3519804,,,,,,
218,16,Public order,3,2,941.3448978,,,,,,
219,16,Robbery,1,1,706.7933971,,,,,,
220,16,Shoplifting,1,1,896.4146387,,,,,,
221,16,Theft from the person,1,1,807.8854072,,,,,,
222,16,Vehicle crime,1,1,935.3514467,,,,,,
223,16,Violence and sexual offences,1,2,1113.430243,,,,,,
224,17,Anti-social behaviour,3,2,1234.997815,,,,,,
225,17,Bicycle theft,1,2,875.3027498,,,,,,
226,17,Burglary,3,3,927.4303197,,,,,,
227,17,Criminal damage and arson,1,1,960.1296303,,,,,,
228,17,Drugs,1,1,813.1400655,,,,,,
229,17,Other crime,2,2,905.5327573,,,,,,
230,17,Other theft,3,2,996.4421539,,,,,,
231,17,Possession of weapons,1,1,636.5192171,,,,,,
232,17,Public order,3,1,936.9646649,,,,,,
233,17,Robbery,1,1,716.0972402,,,,,,
234,17,Shoplifting,3,2,907.371869,,,,,,
235,17,Theft from the person,2,3,833.4867805,,,,,,
236,17,Vehicle crime,1,1,928.3423145,,,,,,
237,17,Violence and sexual offences,1,1,1093.741363,,,,,,
238,18,Anti-social behaviour,2,2,1247.227274,,,,,,
239,18,Bicycle theft,1,2,865.7169827,,,,,,
240,18,Burglary,1,2,916.5542342,,,,,,
241,18,Criminal damage and arson,1,2,941.5582425,,,,,,
242,18,Drugs,2,3,858.9500212,,,,,,
243,18,Other crime,3,3,957.8097888,,,,,,
244,18,Other theft,3,2,1052.042919,,,,,,
245,18,Possession of weapons,3,3,618.3934809,,,,,,
246,18,Public order,1,1,940.2006604,,,,,,
247,18,Robbery,3,2,766.0928758,,,,,,
248,18,Shoplifting,1,2,888.4303071,,,,,,
249,18,Theft from the person,2,2,936.9621079,,,,,,
250,18,Vehicle crime,1,2,923.6353472,,,,,,
251,18,Violence and sexual offences,2,3,1072.918967,,,,,,
252,19,Anti-social behaviour,3,2,1198.597346,,,,,,
253,19,Bicycle theft,3,3,820.3355559,,,,,,
254,19,Burglary,3,3,918.1146818,,,,,,
255,19,Criminal damage and arson,3,2,910.7791313,,,,,,
256,19,Drugs,1,1,832.1440492,,,,,,
257,19,Other crime,3,2,901.4949641,,,,,,
258,19,Other theft,1,1,978.1926577,,,,,,
259,19,Possession of weapons,2,1,618.5850166,,,,,,
260,19,Public order,3,1,893.1553775,,,,,,
261,19,Robbery,1,1,711.360311,,,,,,
262,19,Shoplifting,2,3,841.6821091,,,,,,
263,19,Theft from the person,2,2,790.5275429,,,,,,
264,19,Vehicle crime,1,2,888.2494806,,,,,,
265,19,Violence and sexual offences,2,2,1064.471022,,,,,,
266,20,Anti-social behaviour,3,2,1197.853641,,,,,,
267,20,Bicycle theft,2,2,797.543358,,,,,,
268,20,Burglary,1,2,912.4574008,,,,,,
269,20,Criminal damage and arson,1,2,919.1364719,,,,,,
270,20,Drugs,1,1,826.0094909,,,,,,
271,20,Other crime,2,2,880.4682654,,,,,,
272,20,Other theft,3,3,976.6848944,,,,,,
273,20,Possession of weapons,1,1,626.8585269,,,,,,
274,20,Public order,3,1,891.2546512,,,,,,
275,20,Robbery,3,1,722.8516762,,,,,,
276,20,Shoplifting,1,1,906.1801545,,,,,,
277,20,Theft from the person,3,2,842.6024497,,,,,,
278,20,Vehicle crime,1,1,894.0080735,,,,,,
279,20,Violence and sexual offences,2,2,1055.425209,,,,,,
280,21,Anti-social behaviour,3,2,1180.50816,,,,,,
281,21,Bicycle theft,3,2,804.7510121,,,,,,
282,21,Burglary,3,3,910.9280959,,,,,,
283,21,Criminal damage and arson,2,2,912.51575,,,,,,
284,21,Drugs,1,1,831.2410513,,,,,,
285,21,Other crime,2,2,865.9989148,,,,,,
286,21,Other theft,2,2,960.2681248,,,,,,
287,21,Possession of weapons,2,1,611.4670541,,,,,,
288,21,Public order,2,3,878.5741125,,,,,,
289,21,Robbery,1,1,698.7777322,,,,,,
290,21,Shoplifting,2,3,842.6016965,,,,,,
291,21,Theft from the person,3,3,834.4090922,,,,,,
292,21,Vehicle crime,3,3,881.5484622,,,,,,
293,21,Violence and sexual offences,2,1,1048.128391,,,,,,
294,22,Anti-social behaviour,3,2,1196.755264,,,,,,
295,22,Bicycle theft,1,1,814.6281371,,,,,,
296,22,Burglary,1,1,922.535511,,,,,,
297,22,Criminal damage and arson,3,3,917.6478344,,,,,,
298,22,Drugs,1,1,795.8625171,,,,,,
299,22,Other crime,2,2,866.0465746,,,,,,
300,22,Other theft,2,1,958.6560755,,,,,,
301,22,Possession of weapons,3,3,756.9100406,,,,,,
302,22,Public order,1,3,900.4318421,,,,,,
303,22,Robbery,1,2,704.7754808,,,,,,
304,22,Shoplifting,3,2,859.2073294,,,,,,
305,22,Theft from the person,1,1,874.0013974,,,,,,
306,22,Vehicle crime,1,1,899.5946524,,,,,,
307,22,Violence and sexual offences,2,2,996.995732,,,,,,
308,23,Anti-social behaviour,3,2,1161.780835,,,,,,
309,23,Bicycle theft,2,3,814.6846568,,,,,,
310,23,Burglary,3,3,910.0919082,,,,,,
311,23,Criminal damage and arson,2,3,898.988109,,,,,,
312,23,Drugs,1,1,865.8143202,,,,,,
313,23,Other crime,1,2,833.8331417,,,,,,
314,23,Other theft,3,3,967.2644655,,,,,,
315,23,Possession of weapons,3,3,610.5640517,,,,,,
316,23,Public order,2,2,892.6321998,,,,,,
317,23,Robbery,2,2,729.170549,,,,,,
318,23,Shoplifting,1,1,840.1205828,,,,,,
319,23,Theft from the person,1,1,853.4050777,,,,,,
320,23,Vehicle crime,2,3,872.2505547,,,,,,
321,23,Violence and sexual offences,2,3,1002.645839,,,,,,
322,24,Anti-social behaviour,2,2,1178.306983,,,,,,
323,24,Bicycle theft,2,3,799.5936068,,,,,,
324,24,Burglary,1,1,858.9819636,,,,,,
325,24,Criminal damage and arson,3,3,875.9391667,,,,,,
326,24,Drugs,2,2,813.1900547,,,,,,
327,24,Other crime,2,2,848.3882339,,,,,,
328,24,Other theft,3,2,916.7205077,,,,,,
329,24,Possession of weapons,1,1,556.5865363,,,,,,
330,24,Public order,2,2,871.0239117,,,,,,
331,24,Robbery,2,2,702.6508007,,,,,,
332,24,Shoplifting,2,3,869.3283866,,,,,,
333,24,Theft from the person,3,3,824.874372,,,,,,
334,24,Vehicle crime,1,1,850.388229,,,,,,
335,24,Violence and sexual offences,3,3,991.7706935,,,,,,
336,25,Anti-social behaviour,3,2,1153.701292,,,,,,
337,25,Bicycle theft,2,3,758.1533289,,,,,,
338,25,Burglary,3,3,836.8482319,,,,,,
339,25,Criminal damage and arson,1,1,863.4459622,,,,,,
340,25,Drugs,3,2,730.5388079,,,,,,
341,25,Other crime,2,2,816.1372765,,,,,,
342,25,Other theft,1,1,891.1211744,,,,,,
343,25,Possession of weapons,3,3,539.0895399,,,,,,
344,25,Public order,3,2,840.8935631,,,,,,
345,25,Robbery,1,1,649.4148534,,,,,,
346,25,Shoplifting,1,1,808.9582531,,,,,,
347,25,Theft from the person,1,2,767.0393859,,,,,,
348,25,Vehicle crime,2,3,825.5622329,,,,,,
349,25,Violence and sexual offences,3,3,988.5395074,,,,,,
350,26,Anti-social behaviour,1,3,1159.56067,,,,,,
351,26,Bicycle theft,2,1,774.6542089,,,,,,
352,26,Burglary,1,1,849.328646,,,,,,
353,26,Criminal damage and arson,2,3,880.3903247,,,,,,
354,26,Drugs,1,1,753.293685,,,,,,
355,26,Other crime,1,3,821.564559,,,,,,
356,26,Other theft,3,2,906.7097832,,,,,,
357,26,Possession of weapons,2,1,550.2811513,,,,,,
358,26,Public order,3,2,863.970782,,,,,,
359,26,Robbery,1,1,676.6354306,,,,,,
360,26,Shoplifting,1,1,787.9637821,,,,,,
361,26,Theft from the person,1,1,750.4519356,,,,,,
362,26,Vehicle crime,3,3,830.8870281,,,,,,
363,26,Violence and sexual offences,2,2,970.3036965,,,,,,
364,27,Anti-social behaviour,3,2,1137.296986,,,,,,
365,27,Bicycle theft,3,2,779.1184643,,,,,,
366,27,Burglary,2,2,886.3768536,,,,,,
367,27,Criminal damage and arson,2,3,839.9097366,,,,,,
368,27,Drugs,2,2,799.854766,,,,,,
369,27,Other crime,3,2,852.4860726,,,,,,
370,27,Other theft,3,2,961.3379645,,,,,,
371,27,Possession of weapons,1,1,594.2601842,,,,,,
372,27,Public order,1,1,856.0814851,,,,,,
373,27,Robbery,3,1,699.2981107,,,,,,
374,27,Shoplifting,2,2,795.606158,,,,,,
375,27,Theft from the person,1,1,858.8214116,,,,,,
376,27,Vehicle crime,3,2,853.6020318,,,,,,
377,27,Violence and sexual offences,3,1,990.1192991,,,,,,
378,28,Anti-social behaviour,2,2,1136.283343,,,,,,
379,28,Bicycle theft,1,1,747.3166269,,,,,,
380,28,Burglary,1,1,847.5518895,,,,,,
381,28,Criminal damage and arson,1,1,838.0163923,,,,,,
382,28,Drugs,1,1,743.3281506,,,,,,
383,28,Other crime,2,3,800.1742179,,,,,,
384,28,Other theft,3,2,877.9674717,,,,,,
385,28,Possession of weapons,1,1,552.2421486,,,,,,
386,28,Public order,2,3,832.9587039,,,,,,
387,28,Robbery,1,1,686.2082192,,,,,,
388,28,Shoplifting,1,1,776.9170316,,,,,,
389,28,Theft from the person,1,1,763.8303401,,,,,,
390,28,Vehicle crime,2,2,858.3986762,,,,,,
391,28,Violence and sexual offences,1,2,966.7050683,,,,,,
392,29,Anti-social behaviour,3,2,1131.858918,,,,,,
393,29,Bicycle theft,1,2,772.6505036,,,,,,
394,29,Burglary,1,1,864.6042411,,,,,,
395,29,Criminal damage and arson,2,3,828.1848517,,,,,,
396,29,Drugs,2,3,756.2898354,,,,,,
397,29,Other crime,2,3,827.67266,,,,,,
398,29,Other theft,2,1,878.044612,,,,,,
399,29,Possession of weapons,1,3,552.0425739,,,,,,
400,29,Public order,2,3,847.0989213,,,,,,
401,29,Robbery,1,2,650.2934278,,,,,,
402,29,Shoplifting,3,3,866.2137114,,,,,,
403,29,Theft from the person,1,2,692.3414995,,,,,,
404,29,Vehicle crime,3,3,830.7984696,,,,,,
405,29,Violence and sexual offences,1,1,994.0959325,,,,,,
406,30,Anti-social behaviour,3,2,1062.076732,,,,,,
407,30,Bicycle theft,1,1,746.7657524,,,,,,
408,30,Burglary,1,1,867.4470366,,,,,,
409,30,Criminal damage and arson,2,3,838.7015458,,,,,,
410,30,Drugs,1,1,740.8176254,,,,,,
411,30,Other crime,2,2,794.5192024,,,,,,
412,30,Other theft,1,1,860.2183605,,,,,,
413,30,Possession of weapons,1,1,560.9434537,,,,,,
414,30,Public order,1,1,816.4874665,,,,,,
415,30,Robbery,2,3,672.4320664,,,,,,
416,30,Shoplifting,2,2,798.3294475,,,,,,
417,30,Theft from the person,3,2,737.0242388,,,,,,
418,30,Vehicle crime,2,3,846.8661017,,,,,,
419,30,Violence and sexual offences,1,1,982.6609661,,,,,,
420,31,Anti-social behaviour,2,2,1106.211888,,,,,,
421,31,Bicycle theft,1,1,740.8739179,,,,,,
422,31,Burglary,1,1,818.79982,,,,,,
423,31,Criminal damage and arson,1,1,829.6232365,,,,,,
424,31,Drugs,1,2,722.085639,,,,,,
425,31,Other crime,3,2,806.5157148,,,,,,
426,31,Other theft,2,3,863.7707692,,,,,,
427,31,Possession of weapons,3,3,592.2967136,,,,,,
428,31,Public order,1,1,790.0853044,,,,,,
429,31,Robbery,3,2,656.5470793,,,,,,
430,31,Shoplifting,2,3,759.3548171,,,,,,
431,31,Theft from the person,1,1,812.5563685,,,,,,
432,31,Vehicle crime,1,1,836.007407,,,,,,
433,31,Violence and sexual offences,2,1,950.4532874,,,,,,
434,32,Anti-social behaviour,3,2,1069.516544,,,,,,
435,32,Bicycle theft,1,1,811.1051694,,,,,,
436,32,Burglary,3,2,819.7663777,,,,,,
437,32,Criminal damage and arson,1,1,789.7393592,,,,,,
438,32,Drugs,1,2,699.0422121,,,,,,
439,32,Other crime,1,3,768.2430639,,,,,,
440,32,Other theft,2,2,893.6118595,,,,,,
441,32,Possession of weapons,2,3,505.0584732,,,,,,
442,32,Public order,3,3,803.3001341,,,,,,
443,32,Robbery,1,1,633.2359884,,,,,,
444,32,Shoplifting,2,3,770.0759227,,,,,,
445,32,Theft from the person,1,2,794.322669,,,,,,
446,32,Vehicle crime,1,1,821.8842265,,,,,,
447,32,Violence and sexual offences,3,3,930.0683217,,,,,,
448,33,Anti-social behaviour,3,2,1017.472921,,,,,,
449,33,Bicycle theft,1,2,663.7938928,,,,,,
450,33,Burglary,1,1,837.1994385,,,,,,
451,33,Criminal damage and arson,1,2,774.8205772,,,,,,
452,33,Drugs,1,1,674.8295213,,,,,,
453,33,Other crime,2,2,737.8232452,,,,,,
454,33,Other theft,2,1,783.6536114,,,,,,
455,33,Possession of weapons,1,1,484.6251201,,,,,,
456,33,Public order,3,1,762.571409,,,,,,
457,33,Robbery,2,3,618.8602264,,,,,,
458,33,Shoplifting,1,1,736.5245479,,,,,,
459,33,Theft from the person,1,1,644.1661646,,,,,,
460,33,Vehicle crime,2,3,801.1901271,,,,,,
461,33,Violence and sexual offences,2,3,896.3672231,,,,,,
462,34,Anti-social behaviour,1,2,1018.396109,,,,,,
463,34,Bicycle theft,3,2,646.5593287,,,,,,
464,34,Burglary,3,2,826.3765951,,,,,,
465,34,Criminal damage and arson,3,3,784.7631613,,,,,,
466,34,Drugs,3,3,689.5820628,,,,,,
467,34,Other crime,2,2,751.2515966,,,,,,
468,34,Other theft,2,1,803.7665568,,,,,,
469,34,Possession of weapons,1,3,468.4827571,,,,,,
470,34,Public order,3,1,729.0900197,,,,,,
471,34,Robbery,1,1,619.6592057,,,,,,
472,34,Shoplifting,2,3,745.5344979,,,,,,
473,34,Theft from the person,2,3,649.5987452,,,,,,
474,34,Vehicle crime,1,2,833.2010738,,,,,,
475,34,Violence and sexual offences,3,2,881.2829123,,,,,,
476,35,Anti-social behaviour,2,3,987.5979694,,,,,,
477,35,Bicycle theft,2,1,596.682591,,,,,,
478,35,Burglary,2,1,808.2471069,,,,,,
479,35,Criminal damage and arson,2,3,792.9189765,,,,,,
480,35,Drugs,1,2,632.6802006,,,,,,
481,35,Other crime,2,2,705.1235265,,,,,,
482,35,Other theft,1,1,791.9274739,,,,,,
483,35,Possession of weapons,3,3,472.2399033,,,,,,
484,35,Public order,1,3,726.6392152,,,,,,
485,35,Robbery,1,1,614.2215795,,,,,,
486,35,Shoplifting,1,1,721.4664182,,,,,,
487,35,Theft from the person,1,1,558.6339588,,,,,,
488,35,Vehicle crime,1,1,784.0292342,,,,,,
489,35,Violence and sexual offences,1,1,880.115034,,,,,,
490,36,Anti-social behaviour,1,3,1007.029578,,,,,,
491,36,Bicycle theft,1,1,677.8645359,,,,,,
492,36,Burglary,1,1,808.047968,,,,,,
493,36,Criminal damage and arson,1,1,744.5486511,,,,,,
494,36,Drugs,1,2,712.4715953,,,,,,
495,36,Other crime,2,2,703.8319989,,,,,,
496,36,Other theft,1,1,854.8200553,,,,,,
497,36,Possession of weapons,1,1,481.9782615,,,,,,
498,36,Public order,1,1,724.8138324,,,,,,
499,36,Robbery,3,3,573.9721845,,,,,,
500,36,Shoplifting,1,1,683.3419725,,,,,,
501,36,Theft from the person,3,2,716.5621229,,,,,,
502,36,Vehicle crime,1,1,770.9751698,,,,,,
503,36,Violence and sexual offences,3,3,868.2924349,,,,,,
504,37,Anti-social behaviour,3,2,987.0475409,,,,,,
505,37,Bicycle theft,2,2,575.6416179,,,,,,
506,37,Burglary,1,1,785.1550805,,,,,,
507,37,Criminal damage and arson,1,1,787.9933763,,,,,,
508,37,Drugs,1,1,682.3488453,,,,,,
509,37,Other crime,1,3,689.908491,,,,,,
510,37,Other theft,1,1,793.5591812,,,,,,
511,37,Possession of weapons,2,1,467.1444916,,,,,,
512,37,Public order,3,2,701.0832227,,,,,,
513,37,Robbery,1,1,591.9061134,,,,,,
514,37,Shoplifting,1,2,722.2218138,,,,,,
515,37,Theft from the person,1,1,573.3080703,,,,,,
516,37,Vehicle crime,1,1,783.2634289,,,,,,
517,37,Violence and sexual offences,2,3,848.0816059,,,,,,
518,38,Anti-social behaviour,3,2,975.0537763,,,,,,
519,38,Bicycle theft,2,2,588.4785023,,,,,,
520,38,Burglary,3,3,764.4272516,,,,,,
521,38,Criminal damage and arson,2,3,755.9581625,,,,,,
522,38,Drugs,1,3,680.3505126,,,,,,
523,38,Other crime,2,1,682.9959516,,,,,,
524,38,Other theft,2,1,728.1366657,,,,,,
525,38,Possession of weapons,1,1,444.6542606,,,,,,
526,38,Public order,3,3,697.0100963,,,,,,
527,38,Robbery,3,3,570.5099109,,,,,,
528,38,Shoplifting,1,2,645.9004237,,,,,,
529,38,Theft from the person,1,1,577.2549596,,,,,,
530,38,Vehicle crime,1,1,753.3784397,,,,,,
531,38,Violence and sexual offences,1,1,822.4132436,,,,,,
532,39,Anti-social behaviour,3,2,1024.914614,,,,,,
533,39,Bicycle theft,1,1,680.4408827,,,,,,
534,39,Burglary,1,1,771.3282812,,,,,,
535,39,Criminal damage and arson,3,1,738.0376091,,,,,,
536,39,Drugs,1,2,715.216744,,,,,,
537,39,Other crime,2,2,740.894196,,,,,,
538,39,Other theft,2,3,822.0627418,,,,,,
539,39,Possession of weapons,2,3,522.0711385,,,,,,
540,39,Public order,2,2,756.1179402,,,,,,
541,39,Robbery,1,1,601.9629265,,,,,,
542,39,Shoplifting,1,1,804.8677118,,,,,,
543,39,Theft from the person,1,1,717.4953467,,,,,,
544,39,Vehicle crime,1,2,774.5044671,,,,,,
545,39,Violence and sexual offences,3,3,884.2783261,,,,,,
546,40,Anti-social behaviour,1,1,948.0383838,,,,,,
547,40,Bicycle theft,1,1,650.6783447,,,,,,
548,40,Burglary,2,3,748.7220578,,,,,,
549,40,Criminal damage and arson,1,3,754.2093721,,,,,,
550,40,Drugs,3,3,581.2640321,,,,,,
551,40,Other crime,1,1,653.0628925,,,,,,
552,40,Other theft,3,3,718.1070632,,,,,,
553,40,Possession of weapons,1,2,441.463523,,,,,,
554,40,Public order,3,1,646.5025227,,,,,,
555,40,Robbery,2,3,509.7166462,,,,,,
556,40,Shoplifting,1,1,648.5105517,,,,,,
557,40,Theft from the person,3,3,508.886844,,,,,,
558,40,Vehicle crime,1,1,736.7393392,,,,,,
559,40,Violence and sexual offences,3,1,795.155081,,,,,,
560,41,Anti-social behaviour,1,3,937.3142164,,,,,,
561,41,Bicycle theft,3,2,679.8932745,,,,,,
562,41,Burglary,2,2,700.7647833,,,,,,
563,41,Criminal damage and arson,1,1,717.5036057,,,,,,
564,41,Drugs,2,3,619.4031669,,,,,,
565,41,Other crime,3,3,717.9316577,,,,,,
566,41,Other theft,1,1,760.0874665,,,,,,
567,41,Possession of weapons,2,3,454.2833823,,,,,,
568,41,Public order,3,3,658.5634374,,,,,,
569,41,Robbery,1,1,532.9421859,,,,,,
570,41,Shoplifting,3,1,739.2372367,,,,,,
571,41,Theft from the person,1,1,664.6995079,,,,,,
572,41,Vehicle crime,1,2,695.7795302,,,,,,
573,41,Violence and sexual offences,1,1,809.3422358,,,,,,
574,42,Anti-social behaviour,3,2,890.9307708,,,,,,
575,42,Bicycle theft,1,1,575.5334331,,,,,,
576,42,Burglary,1,1,714.0591485,,,,,,
577,42,Criminal damage and arson,1,2,718.6788563,,,,,,
578,42,Drugs,2,3,576.7187135,,,,,,
579,42,Other crime,1,2,599.8537795,,,,,,
580,42,Other theft,2,3,688.679842,,,,,,
581,42,Possession of weapons,1,1,389.9495165,,,,,,
582,42,Public order,2,3,637.2952753,,,,,,
583,42,Robbery,2,3,491.4812424,,,,,,
584,42,Shoplifting,1,1,669.2677332,,,,,,
585,42,Theft from the person,3,2,531.0312615,,,,,,
586,42,Vehicle crime,1,1,684.0102779,,,,,,
587,42,Violence and sexual offences,2,3,776.8699741,,,,,,
588,43,Anti-social behaviour,3,1,865.947283,,,,,,
589,43,Bicycle theft,3,2,505.8759178,,,,,,
590,43,Burglary,1,1,679.2572337,,,,,,
591,43,Criminal damage and arson,3,3,721.2904897,,,,,,
592,43,Drugs,1,1,550.3143757,,,,,,
593,43,Other crime,1,1,595.3611788,,,,,,
594,43,Other theft,1,1,671.9772557,,,,,,
595,43,Possession of weapons,2,3,388.2294269,,,,,,
596,43,Public order,1,3,615.7649077,,,,,,
597,43,Robbery,3,3,486.1499104,,,,,,
598,43,Shoplifting,1,1,659.7331891,,,,,,
599,43,Theft from the person,1,1,375.3523665,,,,,,
600,43,Vehicle crime,1,1,673.4220342,,,,,,
601,43,Violence and sexual offences,1,3,745.5242732,,,,,,
602,44,Anti-social behaviour,2,3,876.4573019,,,,,,
603,44,Bicycle theft,2,1,480.6443672,,,,,,
604,44,Burglary,1,2,676.9060437,,,,,,
605,44,Criminal damage and arson,1,2,711.2527974,,,,,,
606,44,Drugs,2,3,607.3295189,,,,,,
607,44,Other crime,3,3,617.8878075,,,,,,
608,44,Other theft,1,1,677.3289056,,,,,,
609,44,Possession of weapons,1,1,373.6505862,,,,,,
610,44,Public order,3,2,642.6261016,,,,,,
611,44,Robbery,3,3,510.7940987,,,,,,
612,44,Shoplifting,3,3,656.7201187,,,,,,
613,44,Theft from the person,2,3,516.2738634,,,,,,
614,44,Vehicle crime,1,1,652.87345,,,,,,
615,44,Violence and sexual offences,2,3,758.7830139,,,,,,
616,45,Anti-social behaviour,1,3,885.3605923,,,,,,
617,45,Bicycle theft,1,1,514.7149821,,,,,,
618,45,Burglary,2,1,680.627924,,,,,,
619,45,Criminal damage and arson,1,2,702.3732415,,,,,,
620,45,Drugs,2,1,575.0515468,,,,,,
621,45,Other crime,3,3,592.8900582,,,,,,
622,45,Other theft,1,1,696.1174193,,,,,,
623,45,Possession of weapons,1,1,387.6352022,,,,,,
624,45,Public order,2,1,627.8610986,,,,,,
625,45,Robbery,2,3,463.1716086,,,,,,
626,45,Shoplifting,2,1,643.7386992,,,,,,
627,45,Theft from the person,1,1,400.6446967,,,,,,
628,45,Vehicle crime,1,1,663.0269185,,,,,,
629,45,Violence and sexual offences,2,2,756.9934779,,,,,,
630,46,Anti-social behaviour,1,1,857.3627558,,,,,,
631,46,Bicycle theft,1,1,445.2100234,,,,,,
632,46,Burglary,1,3,672.3518194,,,,,,
633,46,Criminal damage and arson,1,2,674.6988591,,,,,,
634,46,Drugs,2,3,498.1388005,,,,,,
635,46,Other crime,3,1,537.0271309,,,,,,
636,46,Other theft,1,1,619.7451444,,,,,,
637,46,Possession of weapons,3,3,349.8648796,,,,,,
638,46,Public order,1,1,581.5797566,,,,,,
639,46,Robbery,3,3,393.4389946,,,,,,
640,46,Shoplifting,1,1,571.6761615,,,,,,
641,46,Theft from the person,1,1,337.9402256,,,,,,
642,46,Vehicle crime,1,1,641.8844294,,,,,,
643,46,Violence and sexual offences,1,1,706.4255581,,,,,,
644,47,Anti-social behaviour,2,2,830.5389815,,,,,,
645,47,Bicycle theft,1,2,411.3250333,,,,,,
646,47,Burglary,1,2,667.9189075,,,,,,
647,47,Criminal damage and arson,1,1,657.4108086,,,,,,
648,47,Drugs,1,1,479.9215017,,,,,,
649,47,Other crime,2,2,514.7119718,,,,,,
650,47,Other theft,1,1,630.6265581,,,,,,
651,47,Possession of weapons,1,2,310.7189582,,,,,,
652,47,Public order,3,2,560.7035213,,,,,,
653,47,Robbery,1,1,458.1492485,,,,,,
654,47,Shoplifting,1,1,588.0534453,,,,,,
655,47,Theft from the person,3,1,376.3186611,,,,,,
656,47,Vehicle crime,1,2,660.8290879,,,,,,
657,47,Violence and sexual offences,1,1,722.47353,,,,,,
658,48,Anti-social behaviour,1,2,887.8976288,,,,,,
659,48,Bicycle theft,2,3,547.2418674,,,,,,
660,48,Burglary,2,3,633.2530072,,,,,,
661,48,Criminal damage and arson,1,1,709.2046195,,,,,,
662,48,Drugs,1,1,705.1299879,,,,,,
663,48,Other crime,2,2,588.2498623,,,,,,
664,48,Other theft,1,1,678.1327016,,,,,,
665,48,Possession of weapons,1,1,367.5803875,,,,,,
666,48,Public order,1,1,632.8264051,,,,,,
667,48,Robbery,1,1,453.9429499,,,,,,
668,48,Shoplifting,2,3,641.2616619,,,,,,
669,48,Theft from the person,2,1,420.526246,,,,,,
670,48,Vehicle crime,3,1,652.0381209,,,,,,
671,48,Violence and sexual offences,2,2,781.8283556,,,,,,
672,49,Anti-social behaviour,2,3,858.3745208,,,,,,
673,49,Bicycle theft,1,2,501.0710724,,,,,,
674,49,Burglary,1,2,638.374126,,,,,,
675,49,Criminal damage and arson,1,1,681.1583523,,,,,,
676,49,Drugs,1,2,580.669456,,,,,,
677,49,Other crime,3,3,568.4988875,,,,,,
678,49,Other theft,1,1,639.4283257,,,,,,
679,49,Possession of weapons,1,1,349.085545,,,,,,
680,49,Public order,2,1,644.5440984,,,,,,
681,49,Robbery,1,2,471.1394476,,,,,,
682,49,Shoplifting,2,1,606.556799,,,,,,
683,49,Theft from the person,1,1,443.2275912,,,,,,
684,49,Vehicle crime,3,1,653.6858882,,,,,,
685,49,Violence and sexual offences,3,2,752.0719962,,,,,,
686,50,Anti-social behaviour,1,1,855.9531125,,,,,,
687,50,Bicycle theft,1,1,528.6448723,,,,,,
688,50,Burglary,1,1,630.9830764,,,,,,
689,50,Criminal damage and arson,1,2,675.9576922,,,,,,
690,50,Drugs,3,2,547.2774133,,,,,,
691,50,Other crime,1,1,604.6522295,,,,,,
692,50,Other theft,1,1,685.1583703,,,,,,
693,50,Possession of weapons,2,3,430.5414851,,,,,,
694,50,Public order,2,1,643.331413,,,,,,
695,50,Robbery,3,3,537.2198168,,,,,,
696,50,Shoplifting,1,1,658.6375588,,,,,,
697,50,Theft from the person,1,1,519.3340732,,,,,,
698,50,Vehicle crime,1,1,656.6394085,,,,,,
699,50,Violence and sexual offences,1,1,741.2582602,,,,,,
700,51,Anti-social behaviour,3,3,871.0677428,,,,,,
701,51,Bicycle theft,3,1,436.7040851,,,,,,
702,51,Burglary,2,2,648.2726789,,,,,,
703,51,Criminal damage and arson,2,1,647.819001,,,,,,
704,51,Drugs,2,3,482.2655178,,,,,,
705,51,Other crime,2,3,515.4491803,,,,,,
706,51,Other theft,1,1,611.8389065,,,,,,
707,51,Possession of weapons,1,3,345.413825,,,,,,
708,51,Public order,1,1,586.768156,,,,,,
709,51,Robbery,1,1,428.8644089,,,,,,
710,51,Shoplifting,1,1,617.6763635,,,,,,
711,51,Theft from the person,2,3,347.8543732,,,,,,
712,51,Vehicle crime,1,1,634.687011,,,,,,
713,51,Violence and sexual offences,1,1,707.3335552,,,,,,
714,52,Anti-social behaviour,2,2,846.0512369,,,,,,
715,52,Bicycle theft,3,2,420.1502754,,,,,,
716,52,Burglary,1,3,637.0839349,,,,,,
717,52,Criminal damage and arson,1,1,680.3429903,,,,,,
718,52,Drugs,1,3,527.222504,,,,,,
719,52,Other crime,2,3,519.5521196,,,,,,
720,52,Other theft,1,1,608.3416864,,,,,,
721,52,Possession of weapons,3,2,361.30095,,,,,,
722,52,Public order,1,1,593.4283391,,,,,,
723,52,Robbery,3,3,412.4367662,,,,,,
724,52,Shoplifting,1,1,569.3385941,,,,,,
725,52,Theft from the person,3,1,343.4009746,,,,,,
726,52,Vehicle crime,2,3,663.2869281,,,,,,
727,52,Violence and sexual offences,1,1,741.8034224,,,,,,
728,53,Anti-social behaviour,2,3,863.8073667,,,,,,
729,53,Bicycle theft,3,2,453.9888063,,,,,,
730,53,Burglary,1,1,624.2279481,,,,,,
731,53,Criminal damage and arson,1,1,695.4022544,,,,,,
732,53,Drugs,1,1,561.1078222,,,,,,
733,53,Other crime,1,1,621.7347161,,,,,,
734,53,Other theft,2,3,678.3735499,,,,,,
735,53,Possession of weapons,2,3,491.7166492,,,,,,
736,53,Public order,2,3,606.3939006,,,,,,
737,53,Robbery,3,2,473.5933929,,,,,,
738,53,Shoplifting,1,1,625.1542563,,,,,,
739,53,Theft from the person,3,1,423.8212744,,,,,,
740,53,Vehicle crime,2,2,12,,,,,,
741,53,Violence and sexual offences,1,1,792.3200108,,,,,,
742,54,Anti-social behaviour,3,2,884.9890696,,,,,,
743,54,Bicycle theft,3,3,640.5593456,,,,,,
744,54,Burglary,2,2,674.1998348,,,,,,
745,54,Criminal damage and arson,1,2,677.3578132,,,,,,
746,54,Drugs,3,2,580.2360785,,,,,,
747,54,Other crime,3,2,582.7085726,,,,,,
748,54,Other theft,2,3,787.2001033,,,,,,
749,54,Possession of weapons,2,1,402.8769972,,,,,,
750,54,Public order,1,1,667.2501118,,,,,,
751,54,Robbery,2,2,557.4577367,,,,,,
752,54,Shoplifting,3,2,734.9643278,,,,,,
753,54,Theft from the person,1,1,762.9984618,,,,,,
754,54,Vehicle crime,1,2,684.5357347,,,,,,
755,54,Violence and sexual offences,2,3,828.5131417,,,,,,
756,55,Anti-social behaviour,2,3,867.9836271,,,,,,
757,55,Bicycle theft,1,2,615.5764277,,,,,,
758,55,Burglary,1,2,696.0582377,,,,,,
759,55,Criminal damage and arson,1,1,692.1241874,,,,,,
760,55,Drugs,1,1,676.2164372,,,,,,
761,55,Other crime,2,2,603.3765056,,,,,,
762,55,Other theft,1,1,801.3507466,,,,,,
763,55,Possession of weapons,3,3,435.0735421,,,,,,
764,55,Public order,2,2,721.6643074,,,,,,
765,55,Robbery,1,2,570.5605954,,,,,,
766,55,Shoplifting,1,1,660.3484254,,,,,,
767,55,Theft from the person,1,1,745.5309857,,,,,,
768,55,Vehicle crime,1,1,709.8137967,,,,,,
769,55,Violence and sexual offences,2,3,811.8527362,,,,,,
770,56,Anti-social behaviour,3,3,852.5344263,,,,,,
771,56,Bicycle theft,2,3,517.711869,,,,,,
772,56,Burglary,1,1,655.0633515,,,,,,
773,56,Criminal damage and arson,1,1,634.4287619,,,,,,
774,56,Drugs,1,1,556.7888835,,,,,,
775,56,Other crime,3,3,558.7851528,,,,,,
776,56,Other theft,3,3,651.9005789,,,,,,
777,56,Possession of weapons,1,1,346.4340368,,,,,,
778,56,Public order,1,1,596.5482789,,,,,,
779,56,Robbery,1,1,473.8071963,,,,,,
780,56,Shoplifting,1,1,653.7738562,,,,,,
781,56,Theft from the person,3,2,463.013185,,,,,,
782,56,Vehicle crime,2,2,639.971115,,,,,,
783,56,Violence and sexual offences,2,3,728.2105282,,,,,,
784,57,Anti-social behaviour,2,2,834.6516007,,,,,,
785,57,Bicycle theft,3,3,510.3418761,,,,,,
786,57,Burglary,1,1,649.9797564,,,,,,
787,57,Criminal damage and arson,1,1,679.4227467,,,,,,
788,57,Drugs,2,3,563.3769035,,,,,,
789,57,Other crime,2,2,524.7585209,,,,,,
790,57,Other theft,3,3,639.9727344,,,,,,
791,57,Possession of weapons,3,3,365.6876822,,,,,,
792,57,Public order,3,3,595.0923889,,,,,,
793,57,Robbery,2,3,462.1044468,,,,,,
794,57,Shoplifting,3,3,580.5049272,,,,,,
795,57,Theft from the person,1,1,538.6227856,,,,,,
796,57,Vehicle crime,3,3,647.556224,,,,,,
797,57,Violence and sexual offences,3,2,724.3825893,,,,,,
798,58,Anti-social behaviour,1,1,835.3914388,,,,,,
799,58,Bicycle theft,1,1,449.878691,,,,,,
800,58,Burglary,2,2,644.3222393,,,,,,
801,58,Criminal damage and arson,1,1,646.2360478,,,,,,
802,58,Drugs,1,1,588.4458881,,,,,,
803,58,Other crime,1,1,609.1070715,,,,,,
804,58,Other theft,1,1,622.0981462,,,,,,
805,58,Possession of weapons,3,2,361.9613616,,,,,,
806,58,Public order,3,1,626.3214185,,,,,,
807,58,Robbery,1,1,499.8009719,,,,,,
808,58,Shoplifting,1,2,602.7127667,,,,,,
809,58,Theft from the person,1,1,518.2361597,,,,,,
810,58,Vehicle crime,1,1,672.2050244,,,,,,
811,58,Violence and sexual offences,2,3,715.2146127,,,,,,
812,59,Anti-social behaviour,2,3,836.3251728,,,,,,
813,59,Bicycle theft,1,1,438.1074426,,,,,,
814,59,Burglary,1,2,641.7474523,,,,,,
815,59,Criminal damage and arson,2,1,677.6414438,,,,,,
816,59,Drugs,1,1,604.6712201,,,,,,
817,59,Other crime,2,3,542.0156228,,,,,,
818,59,Other theft,1,1,641.2784363,,,,,,
819,59,Possession of weapons,2,1,310.0733429,,,,,,
820,59,Public order,3,2,566.5129685,,,,,,
821,59,Robbery,2,3,445.3903901,,,,,,
822,59,Shoplifting,1,1,580.975068,,,,,,
823,59,Theft from the person,3,3,406.0739104,,,,,,
824,59,Vehicle crime,1,1,649.6804396,,,,,,
825,59,Violence and sexual offences,2,1,728.7707844,,,,,,
826,60,Anti-social behaviour,3,3,837.0008517,,,,,,
827,60,Bicycle theft,1,2,596.7662714,,,,,,
828,60,Burglary,1,1,695.7822063,,,,,,
829,60,Criminal damage and arson,1,3,637.2580823,,,,,,
830,60,Drugs,1,1,636.1649469,,,,,,
831,60,Other crime,1,1,632.6557793,,,,,,
832,60,Other theft,1,1,809.0789076,,,,,,
833,60,Possession of weapons,2,1,361.5583374,,,,,,
834,60,Public order,1,1,622.8640597,,,,,,
835,60,Robbery,1,2,513.8023679,,,,,,
836,60,Shoplifting,3,3,690.6969758,,,,,,
837,60,Theft from the person,2,2,764.4912541,,,,,,
838,60,Vehicle crime,3,2,699.5050717,,,,,,
839,60,Violence and sexual offences,2,3,785.0183554,,,,,,
840,61,Anti-social behaviour,3,2,769.5514881,,,,,,
841,61,Bicycle theft,2,2,509.1361646,,,,,,
842,61,Burglary,3,2,628.1436851,,,,,,
843,61,Criminal damage and arson,2,3,603.8397132,,,,,,
844,61,Drugs,2,1,595.9032574,,,,,,
845,61,Other crime,1,1,554.003862,,,,,,
846,61,Other theft,2,3,717.1065487,,,,,,
847,61,Possession of weapons,2,3,348.0262164,,,,,,
848,61,Public order,1,1,570.3590664,,,,,,
849,61,Robbery,1,1,448.0415648,,,,,,
850,61,Shoplifting,2,3,678.5640628,,,,,,
851,61,Theft from the person,2,2,690.854469,,,,,,
852,61,Vehicle crime,3,3,622.7497965,,,,,,
853,61,Violence and sexual offences,1,1,716.642998,,,,,,
854,62,Anti-social behaviour,1,1,751.3395822,,,,,,
855,62,Bicycle theft,1,1,438.3023933,,,,,,
856,62,Burglary,1,1,575.5395115,,,,,,
857,62,Criminal damage and arson,3,2,588.0210492,,,,,,
858,62,Drugs,3,3,448.3018526,,,,,,
859,62,Other crime,3,3,499.7203814,,,,,,
860,62,Other theft,2,3,600.5034664,,,,,,
861,62,Possession of weapons,3,3,302.572455,,,,,,
862,62,Public order,2,2,502.7685362,,,,,,
863,62,Robbery,2,2,332.3456467,,,,,,
864,62,Shoplifting,1,1,561.7589846,,,,,,
865,62,Theft from the person,2,3,388.0487162,,,,,,
866,62,Vehicle crime,2,3,629.9100895,,,,,,
867,62,Violence and sexual offences,3,3,626.1708739,,,,,,
868,63,Anti-social behaviour,2,3,717.2040763,,,,,,
869,63,Bicycle theft,2,1,467.1150835,,,,,,
870,63,Burglary,1,1,560.8640838,,,,,,
871,63,Criminal damage and arson,3,3,574.310577,,,,,,
872,63,Drugs,1,1,430.5906264,,,,,,
873,63,Other crime,1,2,421.058683,,,,,,
874,63,Other theft,2,3,566.6083202,,,,,,
875,63,Possession of weapons,2,3,245.3580852,,,,,,
876,63,Public order,2,3,462.0382602,,,,,,
877,63,Robbery,3,2,382.9144328,,,,,,
878,63,Shoplifting,1,3,513.1041862,,,,,,
879,63,Theft from the person,1,3,429.9216076,,,,,,
880,63,Vehicle crime,2,2,590.0058332,,,,,,
881,63,Violence and sexual offences,3,3,628.5998712,,,,,,
882,64,Anti-social behaviour,1,1,745.5926073,,,,,,
883,64,Bicycle theft,1,1,405.6706053,,,,,,
884,64,Burglary,1,1,575.6570201,,,,,,
885,64,Criminal damage and arson,1,1,585.3940902,,,,,,
886,64,Drugs,1,1,472.3919111,,,,,,
887,64,Other crime,3,3,477.9530319,,,,,,
888,64,Other theft,3,3,604.5802936,,,,,,
889,64,Possession of weapons,3,3,270.513105,,,,,,
890,64,Public order,3,1,464.9286117,,,,,,
891,64,Robbery,2,3,433.3202619,,,,,,
892,64,Shoplifting,1,1,505.3892582,,,,,,
893,64,Theft from the person,3,3,382.4740319,,,,,,
894,64,Vehicle crime,3,3,637.0648568,,,,,,
895,64,Violence and sexual offences,1,1,661.1395488,,,,,,
896,65,Anti-social behaviour,1,2,728.3047224,,,,,,
897,65,Bicycle theft,2,2,320.0522979,,,,,,
898,65,Burglary,1,1,582.3546052,,,,,,
899,65,Criminal damage and arson,2,3,555.6197415,,,,,,
900,65,Drugs,1,1,434.1090157,,,,,,
901,65,Other crime,3,1,405.2463604,,,,,,
902,65,Other theft,3,2,512.9632484,,,,,,
903,65,Possession of weapons,1,1,299.2839264,,,,,,
904,65,Public order,3,1,476.6709287,,,,,,
905,65,Robbery,1,2,354.6667133,,,,,,
906,65,Shoplifting,2,2,536.9583022,,,,,,
907,65,Theft from the person,1,1,284.6426237,,,,,,
908,65,Vehicle crime,1,1,538.3686126,,,,,,
909,65,Violence and sexual offences,1,1,626.4577506,,,,,,
910,66,Anti-social behaviour,1,1,667.7157829,,,,,,
911,66,Bicycle theft,1,1,263.6730682,,,,,,
912,66,Burglary,1,1,582.8616975,,,,,,
913,66,Criminal damage and arson,1,1,529.7044332,,,,,,
914,66,Drugs,1,2,432.4231149,,,,,,
915,66,Other crime,1,2,374.5964869,,,,,,
916,66,Other theft,1,1,519.4389079,,,,,,
917,66,Possession of weapons,1,1,240.8439264,,,,,,
918,66,Public order,2,1,423.7881305,,,,,,
919,66,Robbery,1,1,374.2161297,,,,,,
920,66,Shoplifting,1,1,457.2494938,,,,,,
921,66,Theft from the person,1,1,272.4867566,,,,,,
922,66,Vehicle crime,1,1,553.9745165,,,,,,
923,66,Violence and sexual offences,1,3,601.5913296,,,,,,
924,67,Anti-social behaviour,2,3,653.1916917,,,,,,
925,67,Bicycle theft,1,1,280.5683414,,,,,,
926,67,Burglary,1,1,558.1976784,,,,,,
927,67,Criminal damage and arson,1,1,527.4257873,,,,,,
928,67,Drugs,1,1,404.2664638,,,,,,
929,67,Other crime,3,3,427.8940493,,,,,,
930,67,Other theft,1,2,515.7411061,,,,,,
931,67,Possession of weapons,2,3,237.7461957,,,,,,
932,67,Public order,2,3,424.9766869,,,,,,
933,67,Robbery,1,1,403.2521606,,,,,,
934,67,Shoplifting,2,3,440.9524468,,,,,,
935,67,Theft from the person,1,1,267.0904407,,,,,,
936,67,Vehicle crime,2,2,556.0526557,,,,,,
937,67,Violence and sexual offences,1,2,599.6091936,,,,,,
938,68,Anti-social behaviour,2,2,708.3992756,,,,,,
939,68,Bicycle theft,2,2,281.6622958,,,,,,
940,68,Burglary,3,3,540.6276402,,,,,,
941,68,Criminal damage and arson,1,1,535.8698351,,,,,,
942,68,Drugs,2,3,386.5711001,,,,,,
943,68,Other crime,1,3,381.5021491,,,,,,
944,68,Other theft,1,1,479.311253,,,,,,
945,68,Possession of weapons,1,1,207.6611631,,,,,,
946,68,Public order,3,3,441.5203438,,,,,,
947,68,Robbery,2,3,264.8053673,,,,,,
948,68,Shoplifting,3,3,541.361657,,,,,,
949,68,Theft from the person,3,2,279.5844799,,,,,,
950,68,Vehicle crime,1,1,491.0617543,,,,,,
951,68,Violence and sexual offences,1,1,597.9250533,,,,,,
952,69,Anti-social behaviour,1,1,710.404586,,,,,,
953,69,Bicycle theft,3,2,308.5692086,,,,,,
954,69,Burglary,2,3,558.9080815,,,,,,
955,69,Criminal damage and arson,1,1,599.549672,,,,,,
956,69,Drugs,3,3,369.1181168,,,,,,
957,69,Other crime,3,3,397.1485167,,,,,,
958,69,Other theft,2,3,473.5371636,,,,,,
959,69,Possession of weapons,1,3,247.4920088,,,,,,
960,69,Public order,2,3,414.4501961,,,,,,
961,69,Robbery,3,1,359.9992045,,,,,,
962,69,Shoplifting,1,1,539.8532922,,,,,,
963,69,Theft from the person,1,1,252.8378496,,,,,,
964,69,Vehicle crime,1,1,534.7114104,,,,,,
965,69,Violence and sexual offences,1,3,567.9876248,,,,,,
966,70,Anti-social behaviour,2,2,739.0741654,,,,,,
967,70,Bicycle theft,1,1,306.8085787,,,,,,
968,70,Burglary,2,1,550.5808955,,,,,,
969,70,Criminal damage and arson,2,2,571.7948488,,,,,,
970,70,Drugs,2,1,417.0015321,,,,,,
971,70,Other crime,1,1,409.0479076,,,,,,
972,70,Other theft,3,2,482.1464133,,,,,,
973,70,Possession of weapons,1,1,280.9699171,,,,,,
974,70,Public order,1,1,466.9049438,,,,,,
975,70,Robbery,2,3,383.5616687,,,,,,
976,70,Shoplifting,3,2,479.1790597,,,,,,
977,70,Theft from the person,1,1,255.145462,,,,,,
978,70,Vehicle crime,3,1,527.4371264,,,,,,
979,70,Violence and sexual offences,1,3,605.9121176,,,,,,
980,71,Anti-social behaviour,1,1,758.0810232,,,,,,
981,71,Bicycle theft,3,3,334.5686209,,,,,,
982,71,Burglary,1,1,609.5321933,,,,,,
983,71,Criminal damage and arson,3,3,612.696032,,,,,,
984,71,Drugs,1,1,499.6476731,,,,,,
985,71,Other crime,1,2,546.6124018,,,,,,
986,71,Other theft,1,1,572.4864797,,,,,,
987,71,Possession of weapons,3,3,303.3143837,,,,,,
988,71,Public order,1,1,461.3330946,,,,,,
989,71,Robbery,1,1,423.1027133,,,,,,
990,71,Shoplifting,3,3,557.5180067,,,,,,
991,71,Theft from the person,1,1,373.8975379,,,,,,
992,71,Vehicle crime,1,1,605.6971233,,,,,,
993,71,Violence and sexual offences,3,2,651.7876197,,,,,,
994,72,Anti-social behaviour,1,1,673.3506153,,,,,,
995,72,Bicycle theft,3,3,251.5742619,,,,,,
996,72,Burglary,1,1,540.5842782,,,,,,
997,72,Criminal damage and arson,1,1,531.4954194,,,,,,
998,72,Drugs,1,1,384.6790243,,,,,,
999,72,Other crime,1,1,377.666055,,,,,,
1000,72,Other theft,1,2,478.425472,,,,,,
1001,72,Possession of weapons,1,1,229.2134989,,,,,,
1002,72,Public order,1,1,430.0642462,,,,,,
1003,72,Robbery,3,2,305.1728985,,,,,,
1004,72,Shoplifting,1,2,457.0624032,,,,,,
1005,72,Theft from the person,1,2,163.08021,,,,,,
1006,72,Vehicle crime,2,3,501.6182566,,,,,,
1007,72,Violence and sexual offences,3,3,570.2583868,,,,,,
1008,73,Anti-social behaviour,2,3,759.9647544,,,,,,
1009,73,Bicycle theft,1,1,467.480283,,,,,,
1010,73,Burglary,1,2,558.2156378,,,,,,
1011,73,Criminal damage and arson,1,1,522.6192338,,,,,,
1012,73,Drugs,1,1,453.1155259,,,,,,
1013,73,Other crime,2,2,461.8655204,,,,,,
1014,73,Other theft,2,3,596.3950327,,,,,,
1015,73,Possession of weapons,2,3,309.5109691,,,,,,
1016,73,Public order,1,2,533.6675979,,,,,,
1017,73,Robbery,3,3,423.9282318,,,,,,
1018,73,Shoplifting,1,1,631.7047608,,,,,,
1019,73,Theft from the person,1,1,539.9713776,,,,,,
1020,73,Vehicle crime,1,1,588.9956855,,,,,,
1021,73,Violence and sexual offences,1,1,617.2835652,,,,,,
1022,74,Anti-social behaviour,2,3,772.1035648,,,,,,
1023,74,Bicycle theft,3,3,452.2870912,,,,,,
1024,74,Burglary,1,1,545.0293124,,,,,,
1025,74,Criminal damage and arson,1,1,549.4667861,,,,,,
1026,74,Drugs,2,2,407.2547712,,,,,,
1027,74,Other crime,3,3,440.8293692,,,,,,
1028,74,Other theft,2,3,721.8113549,,,,,,
1029,74,Possession of weapons,1,1,327.5107728,,,,,,
1030,74,Public order,1,2,513.4519285,,,,,,
1031,74,Robbery,1,1,462.3082707,,,,,,
1032,74,Shoplifting,1,1,594.3747243,,,,,,
1033,74,Theft from the person,1,1,646.2327395,,,,,,
1034,74,Vehicle crime,3,3,557.8684694,,,,,,
1035,74,Violence and sexual offences,1,1,649.9571386,,,,,,
1036,75,Anti-social behaviour,1,1,775.2737671,,,,,,
1037,75,Bicycle theft,2,2,478.7686981,,,,,,
1038,75,Burglary,1,1,596.1934389,,,,,,
1039,75,Criminal damage and arson,2,3,605.9945955,,,,,,
1040,75,Drugs,3,1,432.0543877,,,,,,
1041,75,Other crime,2,3,469.5275698,,,,,,
1042,75,Other theft,1,1,591.0012425,,,,,,
1043,75,Possession of weapons,1,2,312.5713874,,,,,,
1044,75,Public order,3,2,493.1615927,,,,,,
1045,75,Robbery,3,2,365.702127,,,,,,
1046,75,Shoplifting,1,1,561.1251144,,,,,,
1047,75,Theft from the person,1,1,406.6878395,,,,,,
1048,75,Vehicle crime,1,1,608.9357228,,,,,,
1049,75,Violence and sexual offences,3,3,632.3137559,,,,,,
1050,76,Anti-social behaviour,3,3,707.5065048,,,,,,
1051,76,Bicycle theft,1,1,247.9768078,,,,,,
1052,76,Burglary,1,1,541.5814431,,,,,,
1053,76,Criminal damage and arson,1,1,522.8719085,,,,,,
1054,76,Drugs,1,1,354.2757602,,,,,,
1055,76,Other crime,3,3,389.917809,,,,,,
1056,76,Other theft,2,1,589.7815628,,,,,,
1057,76,Possession of weapons,2,1,231.0607865,,,,,,
1058,76,Public order,3,3,409.1751509,,,,,,
1059,76,Robbery,1,1,343.1538501,,,,,,
1060,76,Shoplifting,1,1,514.8160281,,,,,,
1061,76,Theft from the person,3,1,221.7367423,,,,,,
1062,76,Vehicle crime,1,1,542.7095755,,,,,,
1063,76,Violence and sexual offences,1,1,569.2372513,,,,,,
1064,77,Anti-social behaviour,2,3,545.1539506,,,,,,
1065,77,Bicycle theft,2,2,234.5834596,,,,,,
1066,77,Burglary,1,1,415.6045404,,,,,,
1067,77,Criminal damage and arson,2,2,428.0122709,,,,,,
1068,77,Drugs,1,1,366.1683349,,,,,,
1069,77,Other crime,3,3,315.7936909,,,,,,
1070,77,Other theft,1,1,355.4465674,,,,,,
1071,77,Possession of weapons,1,1,183.3060268,,,,,,
1072,77,Public order,1,1,387.8163388,,,,,,
1073,77,Robbery,1,1,310.9040565,,,,,,
1074,77,Shoplifting,1,1,374.0584199,,,,,,
1075,77,Theft from the person,2,1,199.9060568,,,,,,
1076,77,Vehicle crime,2,3,439.0710902,,,,,,
1077,77,Violence and sexual offences,2,3,520.5333143,,,,,,
1078,78,Anti-social behaviour,1,3,626.5604656,,,,,,
1079,78,Bicycle theft,1,1,257.6594724,,,,,,
1080,78,Burglary,2,1,484.7126741,,,,,,
1081,78,Criminal damage and arson,3,3,534.7760591,,,,,,
1082,78,Drugs,3,3,394.7002933,,,,,,
1083,78,Other crime,3,3,421.578663,,,,,,
1084,78,Other theft,1,3,536.5621602,,,,,,
1085,78,Possession of weapons,1,1,223.7781706,,,,,,
1086,78,Public order,2,1,418.4294667,,,,,,
1087,78,Robbery,1,1,321.6051916,,,,,,
1088,78,Shoplifting,3,1,415.1756776,,,,,,
1089,78,Theft from the person,1,1,190.7455944,,,,,,
1090,78,Vehicle crime,2,3,523.6844264,,,,,,
1091,78,Violence and sexual offences,2,3,607.9630029,,,,,,
1092,79,Anti-social behaviour,2,1,593.374694,,,,,,
1093,79,Bicycle theft,2,3,643.8858471,,,,,,
1094,79,Burglary,1,1,546.4171216,,,,,,
1095,79,Criminal damage and arson,1,1,514.7363207,,,,,,
1096,79,Drugs,3,3,299.869482,,,,,,
1097,79,Other crime,3,3,392.3093149,,,,,,
1098,79,Other theft,3,1,583.6822179,,,,,,
1099,79,Possession of weapons,1,2,173.9372556,,,,,,
1100,79,Public order,1,3,403.8311684,,,,,,
1101,79,Robbery,1,1,329.7816646,,,,,,
1102,79,Shoplifting,1,2,458.2508646,,,,,,
1103,79,Theft from the person,3,2,296.0782368,,,,,,
1104,79,Vehicle crime,2,3,549.41152,,,,,,
1105,79,Violence and sexual offences,2,3,517.7267325,,,,,,
1106,80,Anti-social behaviour,1,2,660.817797,,,,,,
1107,80,Bicycle theft,2,2,203.9685974,,,,,,
1108,80,Burglary,1,1,529.5608419,,,,,,
1109,80,Criminal damage and arson,1,1,473.615026,,,,,,
1110,80,Drugs,2,2,354.8721725,,,,,,
1111,80,Other crime,2,3,396.067925,,,,,,
1112,80,Other theft,2,3,508.0804822,,,,,,
1113,80,Possession of weapons,3,2,209.1648751,,,,,,
1114,80,Public order,2,3,373.5593119,,,,,,
1115,80,Robbery,2,1,337.6241546,,,,,,
1116,80,Shoplifting,1,1,405.1726436,,,,,,
1117,80,Theft from the person,2,3,175.2709544,,,,,,
1118,80,Vehicle crime,3,3,515.5303712,,,,,,
1119,80,Violence and sexual offences,2,3,534.5840603,,,,,,
1120,81,Anti-social behaviour,3,2,620.5683409,,,,,,
1121,81,Bicycle theft,1,2,281.3471387,,,,,,
1122,81,Burglary,1,1,563.761301,,,,,,
1123,81,Criminal damage and arson,2,2,474.8810784,,,,,,
1124,81,Drugs,2,2,325.5431574,,,,,,
1125,81,Other crime,2,3,396.5287727,,,,,,
1126,81,Other theft,1,1,507.323256,,,,,,
1127,81,Possession of weapons,3,3,163.7897013,,,,,,
1128,81,Public order,2,1,390.328691,,,,,,
1129,81,Robbery,1,1,358.3635415,,,,,,
1130,81,Shoplifting,2,3,476.1209916,,,,,,
1131,81,Theft from the person,3,1,236.2602866,,,,,,
1132,81,Vehicle crime,3,1,523.5931387,,,,,,
1133,81,Violence and sexual offences,3,2,538.7100916,,,,,,
1134,82,Anti-social behaviour,3,3,639.7798021,,,,,,
1135,82,Bicycle theft,3,2,316.4029814,,,,,,
1136,82,Burglary,1,1,493.4510165,,,,,,
1137,82,Criminal damage and arson,1,1,533.8290912,,,,,,
1138,82,Drugs,1,2,395.5542673,,,,,,
1139,82,Other crime,1,1,402.0832548,,,,,,
1140,82,Other theft,1,2,484.812531,,,,,,
1141,82,Possession of weapons,1,1,271.7160532,,,,,,
1142,82,Public order,2,1,476.1162093,,,,,,
1143,82,Robbery,3,1,387.3664713,,,,,,
1144,82,Shoplifting,2,3,352.8830895,,,,,,
1145,82,Theft from the person,1,1,390.308751,,,,,,
1146,82,Vehicle crime,3,3,545.7434521,,,,,,
1147,82,Violence and sexual offences,2,3,619.6343306,,,,,,
1148,83,Anti-social behaviour,3,3,620.3214596,,,,,,
1149,83,Bicycle theft,1,1,207.15079,,,,,,
1150,83,Burglary,1,3,491.3718807,,,,,,
1151,83,Criminal damage and arson,1,2,472.1938175,,,,,,
1152,83,Drugs,3,1,389.4013731,,,,,,
1153,83,Other crime,1,2,373.0173466,,,,,,
1154,83,Other theft,2,2,459.6666531,,,,,,
1155,83,Possession of weapons,1,3,216.9527212,,,,,,
1156,83,Public order,2,3,366.6494939,,,,,,
1157,83,Robbery,2,3,328.4998478,,,,,,
1158,83,Shoplifting,1,1,325.1076676,,,,,,
1159,83,Theft from the person,1,1,204.2385353,,,,,,
1160,83,Vehicle crime,1,1,548.0715262,,,,,,
1161,83,Violence and sexual offences,2,3,563.476494,,,,,,
1162,84,Anti-social behaviour,3,3,546.3515059,,,,,,
1163,84,Bicycle theft,3,3,258.5915601,,,,,,
1164,84,Burglary,1,1,431.5585108,,,,,,
1165,84,Criminal damage and arson,1,3,406.1450404,,,,,,
1166,84,Drugs,1,1,352.6398866,,,,,,
1167,84,Other crime,2,3,277.8580471,,,,,,
1168,84,Other theft,1,1,358.56857,,,,,,
1169,84,Possession of weapons,1,2,137.7913674,,,,,,
1170,84,Public order,2,3,311.5465733,,,,,,
1171,84,Robbery,2,2,317.2065357,,,,,,
1172,84,Shoplifting,1,1,257.074474,,,,,,
1173,84,Theft from the person,2,1,230.7904714,,,,,,
1174,84,Vehicle crime,3,3,407.1243214,,,,,,
1175,84,Violence and sexual offences,2,3,496.8427402,,,,,,
1176,85,Anti-social behaviour,1,1,652.7836483,,,,,,
1177,85,Bicycle theft,1,1,339.9128074,,,,,,
1178,85,Burglary,2,3,532.097547,,,,,,
1179,85,Criminal damage and arson,1,1,544.9540499,,,,,,
1180,85,Drugs,1,1,373.8154374,,,,,,
1181,85,Other crime,3,1,388.6352118,,,,,,
1182,85,Other theft,1,1,498.3422403,,,,,,
1183,85,Possession of weapons,1,2,188.6628723,,,,,,
1184,85,Public order,3,1,431.4289006,,,,,,
1185,85,Robbery,3,3,343.5301673,,,,,,
1186,85,Shoplifting,1,1,468.7127566,,,,,,
1187,85,Theft from the person,3,1,326.6491968,,,,,,
1188,85,Vehicle crime,2,1,536.5396711,,,,,,
1189,85,Violence and sexual offences,1,1,585.227417,,,,,,
1190,86,Anti-social behaviour,2,3,597.8530689,,,,,,
1191,86,Bicycle theft,2,2,215.456923,,,,,,
1192,86,Burglary,3,3,454.0741595,,,,,,
1193,86,Criminal damage and arson,2,2,515.9090118,,,,,,
1194,86,Drugs,3,2,355.1062867,,,,,,
1195,86,Other crime,1,1,339.2199478,,,,,,
1196,86,Other theft,1,1,458.2585245,,,,,,
1197,86,Possession of weapons,3,3,234.4842405,,,,,,
1198,86,Public order,1,1,410.7132264,,,,,,
1199,86,Robbery,1,2,312.6855332,,,,,,
1200,86,Shoplifting,3,3,281.2067951,,,,,,
1201,86,Theft from the person,3,2,244.5782752,,,,,,
1202,86,Vehicle crime,1,1,503.0860385,,,,,,
1203,86,Violence and sexual offences,1,1,584.1959744,,,,,,
1204,87,Anti-social behaviour,1,3,546.3914197,,,,,,
1205,87,Bicycle theft,2,3,416.9235344,,,,,,
1206,87,Burglary,2,2,489.9280393,,,,,,
1207,87,Criminal damage and arson,3,2,462.0017213,,,,,,
1208,87,Drugs,1,1,333.5226507,,,,,,
1209,87,Other crime,2,3,371.5908148,,,,,,
1210,87,Other theft,1,2,493.8280656,,,,,,
1211,87,Possession of weapons,2,3,155.7798838,,,,,,
1212,87,Public order,3,2,363.0362387,,,,,,
1213,87,Robbery,2,1,263.564957,,,,,,
1214,87,Shoplifting,2,3,308.0580003,,,,,,
1215,87,Theft from the person,1,1,196.9292085,,,,,,
1216,87,Vehicle crime,3,3,504.6462328,,,,,,
1217,87,Violence and sexual offences,1,2,529.8769258,,,,,,
1218,88,Anti-social behaviour,1,1,553.6107056,,,,,,
1219,88,Bicycle theft,3,1,315.6301988,,,,,,
1220,88,Burglary,1,1,482.3973349,,,,,,
1221,88,Criminal damage and arson,3,3,438.8023868,,,,,,
1222,88,Drugs,1,1,316.5034046,,,,,,
1223,88,Other crime,1,2,296.79461,,,,,,
1224,88,Other theft,1,2,389.9923369,,,,,,
1225,88,Possession of weapons,2,2,76.43959234,,,,,,
1226,88,Public order,3,3,310.4135824,,,,,,
1227,88,Robbery,1,1,347.4929616,,,,,,
1228,88,Shoplifting,2,2,-3.234629748,,,,,,
1229,88,Theft from the person,2,2,183.4322407,,,,,,
1230,88,Vehicle crime,1,1,464.2775676,,,,,,
1231,88,Violence and sexual offences,3,3,487.7241554,,,,,,
1232,89,Anti-social behaviour,2,3,622.1914721,,,,,,
1233,89,Bicycle theft,3,2,244.1739495,,,,,,
1234,89,Burglary,2,2,495.8310867,,,,,,
1235,89,Criminal damage and arson,2,2,477.0388779,,,,,,
1236,89,Drugs,1,2,344.7454726,,,,,,
1237,89,Other crime,1,2,312.2926505,,,,,,
1238,89,Other theft,1,1,447.7456348,,,,,,
1239,89,Possession of weapons,2,2,181.1121811,,,,,,
1240,89,Public order,1,1,413.3160805,,,,,,
1241,89,Robbery,1,1,363.76327,,,,,,
1242,89,Shoplifting,1,1,481.2239092,,,,,,
1243,89,Theft from the person,2,2,258.1834356,,,,,,
1244,89,Vehicle crime,1,1,495.3204301,,,,,,
1245,89,Violence and sexual offences,2,1,549.4171664,,,,,,
1246,90,Anti-social behaviour,2,1,668.9122737,,,,,,
1247,90,Bicycle theft,1,1,280.5292122,,,,,,
1248,90,Burglary,1,1,522.6667648,,,,,,
1249,90,Criminal damage and arson,2,3,543.7829134,,,,,,
1250,90,Drugs,3,1,509.6092798,,,,,,
1251,90,Other crime,1,1,435.6075713,,,,,,
1252,90,Other theft,2,3,529.3824225,,,,,,
1253,90,Possession of weapons,1,1,286.8816189,,,,,,
1254,90,Public order,1,1,450.7118389,,,,,,
1255,90,Robbery,3,2,354.006246,,,,,,
1256,90,Shoplifting,1,1,465.4254628,,,,,,
1257,90,Theft from the person,1,1,246.0966993,,,,,,
1258,90,Vehicle crime,1,1,555.2183031,,,,,,
1259,90,Violence and sexual offences,2,1,588.2509515,,,,,,
1260,91,Anti-social behaviour,1,1,589.8529068,,,,,,
1261,91,Bicycle theft,2,3,279.5111438,,,,,,
1262,91,Burglary,2,3,498.4853575,,,,,,
1263,91,Criminal damage and arson,1,2,456.4665373,,,,,,
1264,91,Drugs,2,2,319.4689719,,,,,,
1265,91,Other crime,1,1,354.4373288,,,,,,
1266,91,Other theft,1,1,527.2175413,,,,,,
1267,91,Possession of weapons,3,1,155.3338946,,,,,,
1268,91,Public order,1,2,375.6149842,,,,,,
1269,91,Robbery,1,1,251.2548707,,,,,,
1270,91,Shoplifting,2,2,427.5097216,,,,,,
1271,91,Theft from the person,3,2,333.3466625,,,,,,
1272,91,Vehicle crime,1,1,500.8988348,,,,,,
1273,91,Violence and sexual offences,2,3,556.1031439,,,,,,
1274,92,Anti-social behaviour,3,3,671.3562193,,,,,,
1275,92,Bicycle theft,3,2,369.6185211,,,,,,
1276,92,Burglary,1,1,537.0847711,,,,,,
1277,92,Criminal damage and arson,1,1,559.9117224,,,,,,
1278,92,Drugs,3,1,386.2354105,,,,,,
1279,92,Other crime,1,1,416.666635,,,,,,
1280,92,Other theft,1,2,492.7345383,,,,,,
1281,92,Possession of weapons,1,1,260.4314446,,,,,,
1282,92,Public order,1,3,441.2579072,,,,,,
1283,92,Robbery,1,1,368.7980584,,,,,,
1284,92,Shoplifting,3,3,419.9383543,,,,,,
1285,92,Theft from the person,3,3,321.295323,,,,,,
1286,92,Vehicle crime,3,2,494.1305065,,,,,,
1287,92,Violence and sexual offences,2,3,618.6482193,,,,,,
1288,93,Anti-social behaviour,1,1,528.5825952,,,,,,
1289,93,Bicycle theft,2,2,163.339279,,,,,,
1290,93,Burglary,2,3,489.9699998,,,,,,
1291,93,Criminal damage and arson,3,3,424.7979162,,,,,,
1292,93,Drugs,1,1,312.6537589,,,,,,
1293,93,Other crime,3,2,414.8124092,,,,,,
1294,93,Other theft,2,3,474.1271087,,,,,,
1295,93,Possession of weapons,1,3,162.3759166,,,,,,
1296,93,Public order,1,1,329.0485416,,,,,,
1297,93,Robbery,1,1,215.7938137,,,,,,
1298,93,Shoplifting,1,1,535.5737882,,,,,,
1299,93,Theft from the person,3,2,323.9946877,,,,,,
1300,93,Vehicle crime,2,2,503.3895825,,,,,,
1301,93,Violence and sexual offences,1,1,489.4182913,,,,,,
1302,94,Anti-social behaviour,1,1,624.8109567,,,,,,
1303,94,Bicycle theft,3,2,200.5281634,,,,,,
1304,94,Burglary,2,2,428.0439322,,,,,,
1305,94,Criminal damage and arson,1,1,522.0261548,,,,,,
1306,94,Drugs,1,1,348.6305472,,,,,,
1307,94,Other crime,1,3,349.66131,,,,,,
1308,94,Other theft,1,2,435.9405215,,,,,,
1309,94,Possession of weapons,2,2,213.0511993,,,,,,
1310,94,Public order,1,1,400.1327031,,,,,,
1311,94,Robbery,1,1,321.3187035,,,,,,
1312,94,Shoplifting,3,1,197.3889295,,,,,,
1313,94,Theft from the person,2,2,166.4754735,,,,,,
1314,94,Vehicle crime,1,1,433.7279788,,,,,,
1315,94,Violence and sexual offences,3,3,566.2064155,,,,,,
1316,95,Anti-social behaviour,1,1,605.4187282,,,,,,
1317,95,Bicycle theft,1,2,244.8282645,,,,,,
1318,95,Burglary,1,2,501.4067108,,,,,,
1319,95,Criminal damage and arson,2,3,443.2408828,,,,,,
1320,95,Drugs,1,1,343.5134358,,,,,,
1321,95,Other crime,1,1,340.7553277,,,,,,
1322,95,Other theft,2,3,423.8220075,,,,,,
1323,95,Possession of weapons,1,1,195.7111977,,,,,,
1324,95,Public order,1,1,358.5222517,,,,,,
1325,95,Robbery,2,3,301.8057837,,,,,,
1326,95,Shoplifting,1,1,437.0531731,,,,,,
1327,95,Theft from the person,2,2,133.4006029,,,,,,
1328,95,Vehicle crime,2,2,497.8606142,,,,,,
1329,95,Violence and sexual offences,2,1,544.4790037,,,,,,
1330,96,Anti-social behaviour,2,1,616.3357664,,,,,,
1331,96,Bicycle theft,3,3,382.6797345,,,,,,
1332,96,Burglary,1,1,564.9298043,,,,,,
1333,96,Criminal damage and arson,1,1,470.0283008,,,,,,
1334,96,Drugs,1,1,368.4821149,,,,,,
1335,96,Other crime,1,1,398.4295573,,,,,,
1336,96,Other theft,1,1,477.7667294,,,,,,
1337,96,Possession of weapons,1,1,173.8292371,,,,,,
1338,96,Public order,1,1,396.2089229,,,,,,
1339,96,Robbery,3,3,420.0815163,,,,,,
1340,96,Shoplifting,1,1,490.0390731,,,,,,
1341,96,Theft from the person,1,1,276.1196043,,,,,,
1342,96,Vehicle crime,1,1,535.3666044,,,,,,
1343,96,Violence and sexual offences,1,2,531.601474,,,,,,
1344,97,Anti-social behaviour,2,3,584.7612097,,,,,,
1345,97,Bicycle theft,2,3,253.4872169,,,,,,
1346,97,Burglary,2,3,481.6053835,,,,,,
1347,97,Criminal damage and arson,1,1,470.3518989,,,,,,
1348,97,Drugs,1,1,346.8261846,,,,,,
1349,97,Other crime,2,3,356.4966105,,,,,,
1350,97,Other theft,3,3,498.8836554,,,,,,
1351,97,Possession of weapons,2,3,186.4817047,,,,,,
1352,97,Public order,3,1,360.5647512,,,,,,
1353,97,Robbery,1,2,366.7012253,,,,,,
1354,97,Shoplifting,2,2,374.1515006,,,,,,
1355,97,Theft from the person,1,2,156.1098702,,,,,,
1356,97,Vehicle crime,1,1,514.3997722,,,,,,
1357,97,Violence and sexual offences,2,3,547.9596671,,,,,,
1358,98,Anti-social behaviour,1,2,593.4469206,,,,,,
1359,98,Bicycle theft,1,1,234.0486299,,,,,,
1360,98,Burglary,2,1,512.6890903,,,,,,
1361,98,Criminal damage and arson,2,2,453.7980226,,,,,,
1362,98,Drugs,2,2,283.6607758,,,,,,
1363,98,Other crime,2,3,359.7872934,,,,,,
1364,98,Other theft,2,3,439.4110158,,,,,,
1365,98,Possession of weapons,3,3,193.5899794,,,,,,
1366,98,Public order,1,1,377.1412584,,,,,,
1367,98,Robbery,1,1,305.3738583,,,,,,
1368,98,Shoplifting,3,3,389.0475987,,,,,,
1369,98,Theft from the person,2,2,198.4369804,,,,,,
1370,98,Vehicle crime,1,1,491.4382517,,,,,,
1371,98,Violence and sexual offences,1,1,515.1858688,,,,,,
1372,99,Anti-social behaviour,3,3,621.0287236,,,,,,
1373,99,Bicycle theft,2,2,276.0246623,,,,,,
1374,99,Burglary,2,3,502.9921465,,,,,,
1375,99,Criminal damage and arson,1,2,518.8757624,,,,,,
1376,99,Drugs,2,1,324.3337616,,,,,,
1377,99,Other crime,1,1,339.0319124,,,,,,
1378,99,Other theft,1,1,473.2774562,,,,,,
1379,99,Possession of weapons,1,1,201.6975394,,,,,,
1380,99,Public order,2,1,403.3958097,,,,,,
1381,99,Robbery,3,3,319.5454381,,,,,,
1382,99,Shoplifting,1,1,404.7298014,,,,,,
1383,99,Theft from the person,1,1,207.6466451,,,,,,
1384,99,Vehicle crime,1,1,506.3507884,,,,,,
1385,99,Violence and sexual offences,2,2,549.3478297,,,,,,
1386,100,Anti-social behaviour,1,1,574.7843071,,,,,,
1387,100,Bicycle theft,1,1,306.2001744,,,,,,
1388,100,Burglary,1,1,509.846344,,,,,,
1389,100,Criminal damage and arson,3,3,473.9439405,,,,,,
1390,100,Drugs,1,1,312.8496358,,,,,,
1391,100,Other crime,3,3,16,,,,,,
1392,100,Other theft,2,2,435.3300493,,,,,,
1393,100,Possession of weapons,2,2,168.7112869,,,,,,
1394,100,Public order,1,1,341.7850102,,,,,,
1395,100,Robbery,1,1,258.1015233,,,,,,
1396,100,Shoplifting,1,1,178.5589922,,,,,,
1397,100,Theft from the person,1,1,122.1012377,,,,,,
1398,100,Vehicle crime,3,3,510.6528174,,,,,,
1399,100,Violence and sexual offences,1,1,539.0497922,,,,,,
1400,101,Anti-social behaviour,3,2,680.7059451,,,,,,
1401,101,Bicycle theft,2,3,237.9285159,,,,,,
1402,101,Burglary,1,1,524.6165376,,,,,,
1403,101,Criminal damage and arson,1,1,550.1073601,,,,,,
1404,101,Drugs,2,2,325.3783596,,,,,,
1405,101,Other crime,3,3,400.9692327,,,,,,
1406,101,Other theft,2,3,480.843168,,,,,,
1407,101,Possession of weapons,1,2,272.0557678,,,,,,
1408,101,Public order,3,3,431.3612252,,,,,,
1409,101,Robbery,3,2,333.6658731,,,,,,
1410,101,Shoplifting,2,2,449.2296073,,,,,,
1411,101,Theft from the person,2,3,160.5755539,,,,,,
1412,101,Vehicle crime,3,3,445.5083256,,,,,,
1413,101,Violence and sexual offences,1,1,604.6051967,,,,,,
1414,102,Anti-social behaviour,2,3,583.911139,,,,,,
1415,102,Bicycle theft,2,1,190.2566328,,,,,,
1416,102,Burglary,2,1,444.9608341,,,,,,
1417,102,Criminal damage and arson,1,1,479.4358309,,,,,,
1418,102,Drugs,3,2,350.2786558,,,,,,
1419,102,Other crime,1,1,344.4549408,,,,,,
1420,102,Other theft,2,2,415.2767389,,,,,,
1421,102,Possession of weapons,1,1,164.1385878,,,,,,
1422,102,Public order,3,3,369.000877,,,,,,
1423,102,Robbery,3,1,280.3037261,,,,,,
1424,102,Shoplifting,2,1,252.1996108,,,,,,
1425,102,Theft from the person,2,3,193.8646678,,,,,,
1426,102,Vehicle crime,2,1,504.2154529,,,,,,
1427,102,Violence and sexual offences,2,3,573.5208088,,,,,,
1428,103,Anti-social behaviour,1,1,654.4978359,,,,,,
1429,103,Bicycle theft,3,2,268.7220407,,,,,,
1430,103,Burglary,3,3,495.0178259,,,,,,
1431,103,Criminal damage and arson,2,2,518.0320338,,,,,,
1432,103,Drugs,2,3,317.7347065,,,,,,
1433,103,Other crime,2,1,329.7258309,,,,,,
1434,103,Other theft,3,2,432.8357809,,,,,,
1435,103,Possession of weapons,1,1,137.5170526,,,,,,
1436,103,Public order,2,3,378.1619333,,,,,,
1437,103,Robbery,1,1,280.9247983,,,,,,
1438,103,Shoplifting,1,2,297.4559229,,,,,,
1439,103,Theft from the person,2,2,115.8005143,,,,,,
1440,103,Vehicle crime,1,1,469.9770671,,,,,,
1441,103,Violence and sexual offences,3,3,548.8637707,,,,,,
1442,104,Anti-social behaviour,2,1,622.2277789,,,,,,
1443,104,Bicycle theft,1,1,367.9368802,,,,,,
1444,104,Burglary,2,2,532.0544005,,,,,,
1445,104,Criminal damage and arson,1,1,498.0645053,,,,,,
1446,104,Drugs,3,3,350.9615779,,,,,,
1447,104,Other crime,3,2,385.1297694,,,,,,
1448,104,Other theft,3,3,491.4934554,,,,,,
1449,104,Possession of weapons,2,3,241.1895548,,,,,,
1450,104,Public order,1,3,406.821984,,,,,,
1451,104,Robbery,1,1,349.4346053,,,,,,
1452,104,Shoplifting,1,1,580.6225336,,,,,,
1453,104,Theft from the person,1,1,353.9387106,,,,,,
1454,104,Vehicle crime,1,1,512.734009,,,,,,
1455,104,Violence and sexual offences,1,1,559.2576287,,,,,,
1456,105,Anti-social behaviour,1,1,593.8712073,,,,,,
1457,105,Bicycle theft,1,1,274.9467743,,,,,,
1458,105,Burglary,1,1,505.9675302,,,,,,
1459,105,Criminal damage and arson,3,3,432.477856,,,,,,
1460,105,Drugs,3,1,296.7395458,,,,,,
1461,105,Other crime,2,3,349.6768409,,,,,,
1462,105,Other theft,1,1,377.6593792,,,,,,
1463,105,Possession of weapons,1,1,154.1645642,,,,,,
1464,105,Public order,1,1,359.0641627,,,,,,
1465,105,Robbery,3,2,303.004425,,,,,,
1466,105,Shoplifting,1,2,306.5534047,,,,,,
1467,105,Theft from the person,1,1,154.4951871,,,,,,
1468,105,Vehicle crime,1,1,521.1989684,,,,,,
1469,105,Violence and sexual offences,1,1,524.8108823,,,,,,
1470,106,Anti-social behaviour,1,1,654.9237019,,,,,,
1471,106,Bicycle theft,3,1,213.7022758,,,,,,
1472,106,Burglary,1,1,498.5335086,,,,,,
1473,106,Criminal damage and arson,2,2,474.2065169,,,,,,
1474,106,Drugs,1,1,343.6202147,,,,,,
1475,106,Other crime,3,2,382.5437962,,,,,,
1476,106,Other theft,1,1,455.9141784,,,,,,
1477,106,Possession of weapons,3,3,212.9513003,,,,,,
1478,106,Public order,2,1,380.1682379,,,,,,
1479,106,Robbery,3,2,305.5096082,,,,,,
1480,106,Shoplifting,2,2,370.973102,,,,,,
1481,106,Theft from the person,2,2,186.4547956,,,,,,
1482,106,Vehicle crime,2,3,512.1226259,,,,,,
1483,106,Violence and sexual offences,1,1,547.2332748,,,,,,
1484,107,Anti-social behaviour,2,2,618.9743041,,,,,,
1485,107,Bicycle theft,1,1,218.5691453,,,,,,
1486,107,Burglary,2,3,520.2876054,,,,,,
1487,107,Criminal damage and arson,1,2,470.1909474,,,,,,
1488,107,Drugs,1,1,300.1374028,,,,,,
1489,107,Other crime,1,1,344.3283987,,,,,,
1490,107,Other theft,2,3,451.5802916,,,,,,
1491,107,Possession of weapons,1,1,144.3254496,,,,,,
1492,107,Public order,1,1,377.0799963,,,,,,
1493,107,Robbery,1,1,304.905718,,,,,,
1494,107,Shoplifting,3,2,426.3488728,,,,,,
1495,107,Theft from the person,1,3,149.833216,,,,,,
1496,107,Vehicle crime,2,1,432.0047933,,,,,,
1497,107,Violence and sexual offences,2,3,508.1943111,,,,,,
1498,108,Anti-social behaviour,1,1,526.0074285,,,,,,
1499,108,Bicycle theft,1,1,167.9603769,,,,,,
1500,108,Burglary,1,1,463.9249569,,,,,,
1501,108,Criminal damage and arson,1,1,395.0802038,,,,,,
1502,108,Drugs,1,1,239.8843154,,,,,,
1503,108,Other crime,3,2,304.122218,,,,,,
1504,108,Other theft,1,1,331.8962555,,,,,,
1505,108,Possession of weapons,2,1,98.1251054,,,,,,
1506,108,Public order,1,1,278.9374209,,,,,,
1507,108,Robbery,2,1,194.2853727,,,,,,
1508,108,Shoplifting,3,1,356.3971235,,,,,,
1509,108,Theft from the person,1,1,93.22658461,,,,,,
1510,108,Vehicle crime,2,2,442.2321084,,,,,,
1511,108,Violence and sexual offences,3,1,446.1557745,,,,,,
1512,109,Anti-social behaviour,1,1,610.7589009,,,,,,
1513,109,Bicycle theft,1,1,316.0517225,,,,,,
1514,109,Burglary,2,3,554.031928,,,,,,
1515,109,Criminal damage and arson,2,1,532.6901302,,,,,,
1516,109,Drugs,1,3,356.0188905,,,,,,
1517,109,Other crime,2,1,345.2766288,,,,,,
1518,109,Other theft,1,2,518.9246478,,,,,,
1519,109,Possession of weapons,3,3,208.3214478,,,,,,
1520,109,Public order,1,1,378.6509976,,,,,,
1521,109,Robbery,2,1,308.1989591,,,,,,
1522,109,Shoplifting,1,1,480.0371891,,,,,,
1523,109,Theft from the person,1,1,224.5830869,,,,,,
1524,109,Vehicle crime,1,1,553.8251339,,,,,,
1525,109,Violence and sexual offences,1,1,515.5833578,,,,,,
1526,110,Anti-social behaviour,3,2,615.4019112,,,,,,
1527,110,Bicycle theft,3,1,371.6868103,,,,,,
1528,110,Burglary,1,1,628.9232211,,,,,,
1529,110,Criminal damage and arson,1,1,465.0122299,,,,,,
1530,110,Drugs,1,1,400.6015471,,,,,,
1531,110,Other crime,2,3,374.0534176,,,,,,
1532,110,Other theft,1,1,516.5677654,,,,,,
1533,110,Possession of weapons,2,3,165.3570633,,,,,,
1534,110,Public order,2,3,373.6364175,,,,,,
1535,110,Robbery,1,1,349.3813299,,,,,,
1536,110,Shoplifting,1,1,495.7442552,,,,,,
1537,110,Theft from the person,3,3,289.2733243,,,,,,
1538,110,Vehicle crime,2,1,513.1922143,,,,,,
1539,110,Violence and sexual offences,1,1,525.7528299,,,,,,
1540,111,Anti-social behaviour,1,2,800.4569053,,,,,,
1541,111,Bicycle theft,3,2,623.3165005,,,,,,
1542,111,Burglary,1,1,625.9524177,,,,,,
1543,111,Criminal damage and arson,3,2,580.5683237,,,,,,
1544,111,Drugs,2,3,559.0665322,,,,,,
1545,111,Other crime,1,3,572.8353007,,,,,,
1546,111,Other theft,1,1,883.192062,,,,,,
1547,111,Possession of weapons,3,3,381.9430052,,,,,,
1548,111,Public order,3,1,648.3033279,,,,,,
1549,111,Robbery,1,1,530.786648,,,,,,
1550,111,Shoplifting,1,1,758.8575436,,,,,,
1551,111,Theft from the person,1,1,827.592588,,,,,,
1552,111,Vehicle crime,2,1,646.6835775,,,,,,
1553,111,Violence and sexual offences,3,2,773.4910914,,,,,,
1554,112,Anti-social behaviour,1,2,618.5984261,,,,,,
1555,112,Bicycle theft,1,2,391.8061056,,,,,,
1556,112,Burglary,1,1,568.3069201,,,,,,
1557,112,Criminal damage and arson,3,3,529.6181253,,,,,,
1558,112,Drugs,3,3,365.7633266,,,,,,
1559,112,Other crime,1,1,406.0783805,,,,,,
1560,112,Other theft,1,3,540.343288,,,,,,
1561,112,Possession of weapons,2,1,226.3260466,,,,,,
1562,112,Public order,1,1,407.3184783,,,,,,
1563,112,Robbery,2,3,321.5611586,,,,,,
1564,112,Shoplifting,1,1,552.5843005,,,,,,
1565,112,Theft from the person,3,3,335.5953406,,,,,,
1566,112,Vehicle crime,1,1,576.2206825,,,,,,
1567,112,Violence and sexual offences,1,2,551.8177888,,,,,,
1568,113,Anti-social behaviour,2,2,508.9089047,,,,,,
1569,113,Bicycle theft,3,2,167.4978857,,,,,,
1570,113,Burglary,2,3,454.1380466,,,,,,
1571,113,Criminal damage and arson,2,2,407.8363763,,,,,,
1572,113,Drugs,1,2,253.2464448,,,,,,
1573,113,Other crime,3,2,229.6160919,,,,,,
1574,113,Other theft,1,1,337.4382766,,,,,,
1575,113,Possession of weapons,2,2,102.5038676,,,,,,
1576,113,Public order,1,1,288.2510494,,,,,,
1577,113,Robbery,1,1,249.4160726,,,,,,
1578,113,Shoplifting,1,1,-1779.177142,,,,,,
1579,113,Theft from the person,1,1,55.40686085,,,,,,
1580,113,Vehicle crime,3,3,414.9159982,,,,,,
1581,113,Violence and sexual offences,1,1,455.7408789,,,,,,
1582,115,Anti-social behaviour,1,1,610.422112,,,,,,
1583,115,Bicycle theft,3,2,180.3407177,,,,,,
1584,115,Burglary,2,1,425.593904,,,,,,
1585,115,Criminal damage and arson,3,1,399.304962,,,,,,
1586,115,Drugs,1,3,237.4326028,,,,,,
1587,115,Other crime,2,2,222.6560014,,,,,,
1588,115,Other theft,1,1,346.5208351,,,,,,
1589,115,Possession of weapons,3,1,70.35019462,,,,,,
1590,115,Public order,2,2,277.9281814,,,,,,
1591,115,Robbery,2,3,276.9752191,,,,,,
1592,115,Shoplifting,1,1,133.8774817,,,,,,
1593,115,Theft from the person,3,2,81.22826979,,,,,,
1594,115,Vehicle crime,3,3,394.5345894,,,,,,
1595,115,Violence and sexual offences,1,1,460.8594151,,,,,,
1596,116,Anti-social behaviour,1,3,521.0254955,,,,,,
1597,116,Bicycle theft,3,1,159.3168037,,,,,,
1598,116,Burglary,1,1,418.8418656,,,,,,
1599,116,Criminal damage and arson,2,2,436.0468734,,,,,,
1600,116,Drugs,1,2,269.1522339,,,,,,
1601,116,Other crime,2,3,265.8038057,,,,,,
1602,116,Other theft,1,1,373.832136,,,,,,
1603,116,Possession of weapons,2,2,163.8162159,,,,,,
1604,116,Public order,1,1,341.5359819,,,,,,
1605,116,Robbery,1,2,280.1622748,,,,,,
1606,116,Shoplifting,1,1,432.5192539,,,,,,
1607,116,Theft from the person,1,2,211.8533897,,,,,,
1608,116,Vehicle crime,1,1,421.8388404,,,,,,
1609,116,Violence and sexual offences,1,1,464.4470857,,,,,,
1610,117,Anti-social behaviour,1,1,500.7309362,,,,,,
1611,117,Bicycle theft,1,1,163.7901859,,,,,,
1612,117,Burglary,1,1,401.3467536,,,,,,
1613,117,Criminal damage and arson,2,2,388.9265374,,,,,,
1614,117,Drugs,1,1,189.7007046,,,,,,
1615,117,Other crime,1,3,254.8249757,,,,,,
1616,117,Other theft,2,3,354.4437165,,,,,,
1617,117,Possession of weapons,1,1,33.38560388,,,,,,
1618,117,Public order,1,1,276.3986954,,,,,,
1619,117,Robbery,2,3,201.944334,,,,,,
1620,117,Shoplifting,2,3,203.4674339,,,,,,
1621,117,Theft from the person,2,2,37.22052723,,,,,,
1622,117,Vehicle crime,1,1,416.8084667,,,,,,
1623,117,Violence and sexual offences,1,1,462.1384918,,,,,,
1624,118,Anti-social behaviour,2,3,479.6950811,,,,,,
1625,118,Bicycle theft,2,2,137.9041591,,,,,,
1626,118,Burglary,2,2,466.0337099,,,,,,
1627,118,Criminal damage and arson,1,1,397.2461861,,,,,,
1628,118,Drugs,2,2,220.778093,,,,,,
1629,118,Other crime,2,3,216.8534282,,,,,,
1630,118,Other theft,2,2,347.5304455,,,,,,
1631,118,Possession of weapons,1,1,111.5658385,,,,,,
1632,118,Public order,1,1,238.4218959,,,,,,
1633,118,Robbery,3,1,239.3226176,,,,,,
1634,118,Shoplifting,1,1,243.2129767,,,,,,
1635,118,Theft from the person,1,1,50.2839991,,,,,,
1636,118,Vehicle crime,1,1,471.4564171,,,,,,
1637,118,Violence and sexual offences,1,1,460.302269,,,,,,
1638,119,Anti-social behaviour,1,2,590.0623223,,,,,,
1639,119,Bicycle theft,3,2,175.6948449,,,,,,
1640,119,Burglary,1,1,404.6298926,,,,,,
1641,119,Criminal damage and arson,2,2,463.8937222,,,,,,
1642,119,Drugs,2,2,236.8027173,,,,,,
1643,119,Other crime,1,2,283.7851484,,,,,,
1644,119,Other theft,1,2,477.0643551,,,,,,
1645,119,Possession of weapons,3,1,159.9873933,,,,,,
1646,119,Public order,1,1,338.2697639,,,,,,
1647,119,Robbery,3,2,240.4030652,,,,,,
1648,119,Shoplifting,2,2,501.2798061,,,,,,
1649,119,Theft from the person,1,1,194.9822261,,,,,,
1650,119,Vehicle crime,1,1,436.495557,,,,,,
1651,119,Violence and sexual offences,2,3,492.7635895,,,,,,
1652,120,Anti-social behaviour,2,1,513.7921581,,,,,,
1653,120,Bicycle theft,1,2,232.5919698,,,,,,
1654,120,Burglary,2,2,451.7065559,,,,,,
1655,120,Criminal damage and arson,3,3,427.8676912,,,,,,
1656,120,Drugs,1,1,257.3171303,,,,,,
1657,120,Other crime,1,2,317.9155809,,,,,,
1658,120,Other theft,1,2,407.8087648,,,,,,
1659,120,Possession of weapons,1,1,148.7959621,,,,,,
1660,120,Public order,1,1,287.9364799,,,,,,
1661,120,Robbery,2,2,342.3400283,,,,,,
1662,120,Shoplifting,1,2,472.5343101,,,,,,
1663,120,Theft from the person,1,1,270.7065385,,,,,,
1664,120,Vehicle crime,2,3,440.9299406,,,,,,
1665,120,Violence and sexual offences,2,3,451.3309194,,,,,,
1666,121,Anti-social behaviour,1,3,595.77143,,,,,,
1667,121,Bicycle theft,2,1,158.9369061,,,,,,
1668,121,Burglary,1,1,518.1687345,,,,,,
1669,121,Criminal damage and arson,3,3,537.401451,,,,,,
1670,121,Drugs,2,3,322.838549,,,,,,
1671,121,Other crime,2,3,310.6334467,,,,,,
1672,121,Other theft,3,2,504.4755078,,,,,,
1673,121,Possession of weapons,2,3,146.6872738,,,,,,
1674,121,Public order,1,1,337.9858829,,,,,,
1675,121,Robbery,1,1,301.5655083,,,,,,
1676,121,Shoplifting,3,2,212.5957855,,,,,,
1677,121,Theft from the person,1,1,61.52917308,,,,,,
1678,121,Vehicle crime,2,2,406.6184522,,,,,,
1679,121,Violence and sexual offences,1,1,510.6705733,,,,,,
1680,122,Anti-social behaviour,1,3,572.5670671,,,,,,
1681,122,Bicycle theft,1,1,217.9019321,,,,,,
1682,122,Burglary,3,1,418.1180827,,,,,,
1683,122,Criminal damage and arson,1,1,402.925821,,,,,,
1684,122,Drugs,1,2,222.2670114,,,,,,
1685,122,Other crime,2,3,299.3051066,,,,,,
1686,122,Other theft,2,2,385.0783609,,,,,,
1687,122,Possession of weapons,2,2,149.7693483,,,,,,
1688,122,Public order,1,1,342.4092779,,,,,,
1689,122,Robbery,1,1,271.9507876,,,,,,
1690,122,Shoplifting,1,1,485.5429653,,,,,,
1691,122,Theft from the person,2,1,166.1524565,,,,,,
1692,122,Vehicle crime,3,3,481.2275277,,,,,,
1693,122,Violence and sexual offences,3,1,447.1286322,,,,,,
1694,123,Anti-social behaviour,1,1,569.635638,,,,,,
1695,123,Bicycle theft,2,2,165.3499286,,,,,,
1696,123,Burglary,1,3,456.2674408,,,,,,
1697,123,Criminal damage and arson,1,1,462.9270967,,,,,,
1698,123,Drugs,1,1,276.7892931,,,,,,
1699,123,Other crime,2,3,248.0639013,,,,,,
1700,123,Other theft,1,1,360.1305073,,,,,,
1701,123,Possession of weapons,3,3,107.0927485,,,,,,
1702,123,Public order,1,1,299.537593,,,,,,
1703,123,Robbery,1,1,287.9230457,,,,,,
1704,123,Shoplifting,1,2,329.3432121,,,,,,
1705,123,Theft from the person,1,1,37.89101717,,,,,,
1706,123,Vehicle crime,2,1,413.7647073,,,,,,
1707,123,Violence and sexual offences,3,3,463.4704499,,,,,,
1708,124,Anti-social behaviour,2,3,544.9938894,,,,,,
1709,124,Bicycle theft,1,1,232.496055,,,,,,
1710,124,Burglary,2,3,431.020485,,,,,,
1711,124,Criminal damage and arson,2,2,427.0654529,,,,,,
1712,124,Drugs,1,1,285.7636919,,,,,,
1713,124,Other crime,1,1,327.2188255,,,,,,
1714,124,Other theft,2,3,369.2274501,,,,,,
1715,124,Possession of weapons,3,3,186.5279271,,,,,,
1716,124,Public order,2,3,343.2113276,,,,,,
1717,124,Robbery,1,2,325.6587255,,,,,,
1718,124,Shoplifting,1,2,453.1087136,,,,,,
1719,124,Theft from the person,1,1,219.5766636,,,,,,
1720,124,Vehicle crime,1,1,462.7046305,,,,,,
1721,124,Violence and sexual offences,2,1,484.8265437,,,,,,
1722,125,Anti-social behaviour,1,1,617.6524412,,,,,,
1723,125,Bicycle theft,2,1,171.9901698,,,,,,
1724,125,Burglary,3,2,456.1180019,,,,,,
1725,125,Criminal damage and arson,1,1,517.0827273,,,,,,
1726,125,Drugs,2,3,305.1891782,,,,,,
1727,125,Other crime,2,3,303.5261706,,,,,,
1728,125,Other theft,1,1,407.0279688,,,,,,
1729,125,Possession of weapons,1,1,189.5664805,,,,,,
1730,125,Public order,2,1,322.0827428,,,,,,
1731,125,Robbery,2,2,302.5927,,,,,,
1732,125,Shoplifting,1,1,278.4078748,,,,,,
1733,125,Theft from the person,1,1,68.26915754,,,,,,
1734,125,Vehicle crime,1,2,510.0951299,,,,,,
1735,125,Violence and sexual offences,1,3,532.6489751,,,,,,
1736,126,Anti-social behaviour,1,3,612.7804942,,,,,,
1737,126,Bicycle theft,2,1,187.2164987,,,,,,
1738,126,Burglary,1,1,442.4358115,,,,,,
1739,126,Criminal damage and arson,1,1,457.7980652,,,,,,
1740,126,Drugs,2,2,274.4518905,,,,,,
1741,126,Other crime,1,1,311.3905794,,,,,,
1742,126,Other theft,1,1,372.513051,,,,,,
1743,126,Possession of weapons,1,1,207.3585036,,,,,,
1744,126,Public order,1,1,333.1976036,,,,,,
1745,126,Robbery,1,1,341.0754304,,,,,,
1746,126,Shoplifting,3,2,329.5337552,,,,,,
1747,126,Theft from the person,2,1,143.926498,,,,,,
1748,126,Vehicle crime,1,1,445.3443348,,,,,,
1749,126,Violence and sexual offences,1,1,533.8401581,,,,,,
1750,127,Anti-social behaviour,3,2,498.4564906,,,,,,
1751,127,Bicycle theft,2,2,105.6335012,,,,,,
1752,127,Burglary,3,2,414.2814544,,,,,,
1753,127,Criminal damage and arson,2,2,420.7151796,,,,,,
1754,127,Drugs,2,2,223.0455422,,,,,,
1755,127,Other crime,3,2,266.3515024,,,,,,
1756,127,Other theft,1,2,405.241377,,,,,,
1757,127,Possession of weapons,2,3,83.53463771,,,,,,
1758,127,Public order,1,1,280.0152032,,,,,,
1759,127,Robbery,1,1,250.4173452,,,,,,
1760,127,Shoplifting,1,1,288.7177327,,,,,,
1761,127,Theft from the person,2,3,81.55124439,,,,,,
1762,127,Vehicle crime,3,1,430.1348735,,,,,,
1763,127,Violence and sexual offences,1,1,423.8820345,,,,,,
1764,128,Anti-social behaviour,2,2,647.4998739,,,,,,
1765,128,Bicycle theft,1,1,198.1721169,,,,,,
1766,128,Burglary,1,1,472.3028219,,,,,,
1767,128,Criminal damage and arson,2,1,530.8855847,,,,,,
1768,128,Drugs,1,3,296.4377884,,,,,,
1769,128,Other crime,2,3,295.3895443,,,,,,
1770,128,Other theft,1,1,391.30539,,,,,,
1771,128,Possession of weapons,3,1,167.8767108,,,,,,
1772,128,Public order,3,3,324.1000646,,,,,,
1773,128,Robbery,2,2,288.9349597,,,,,,
1774,128,Shoplifting,2,2,256.1734345,,,,,,
1775,128,Theft from the person,1,1,78.67204231,,,,,,
1776,128,Vehicle crime,2,3,412.2546537,,,,,,
1777,128,Violence and sexual offences,3,1,491.1738593,,,,,,
1778,129,Anti-social behaviour,3,2,559.3224823,,,,,,
1779,129,Bicycle theft,1,1,171.3059754,,,,,,
1780,129,Burglary,1,1,391.5224883,,,,,,
1781,129,Criminal damage and arson,2,2,419.3959465,,,,,,
1782,129,Drugs,3,2,265.5405634,,,,,,
1783,129,Other crime,2,2,252.809375,,,,,,
1784,129,Other theft,3,3,342.4820817,,,,,,
1785,129,Possession of weapons,2,3,202.8354472,,,,,,
1786,129,Public order,2,3,263.4522432,,,,,,
1787,129,Robbery,1,1,230.5491962,,,,,,
1788,129,Shoplifting,1,1,316.2347467,,,,,,
1789,129,Theft from the person,1,1,34.70701925,,,,,,
1790,129,Vehicle crime,1,1,455.1675382,,,,,,
1791,129,Violence and sexual offences,2,3,467.3542366,,,,,,
1792,130,Anti-social behaviour,1,1,587.515778,,,,,,
1793,130,Bicycle theft,1,3,184.6321871,,,,,,
1794,130,Burglary,1,1,388.9322273,,,,,,
1795,130,Criminal damage and arson,1,1,402.8345382,,,,,,
1796,130,Drugs,1,1,236.7809561,,,,,,
1797,130,Other crime,1,1,336.2192362,,,,,,
1798,130,Other theft,3,1,496.8583654,,,,,,
1799,130,Possession of weapons,2,2,100.4719447,,,,,,
1800,130,Public order,3,2,297.7376415,,,,,,
1801,130,Robbery,2,2,272.4375265,,,,,,
1802,130,Shoplifting,1,1,364.7212523,,,,,,
1803,130,Theft from the person,1,2,173.8583237,,,,,,
1804,130,Vehicle crime,1,1,465.4084195,,,,,,
1805,130,Violence and sexual offences,1,2,470.6599911,,,,,,
1806,131,Anti-social behaviour,1,1,527.6794671,,,,,,
1807,131,Bicycle theft,3,2,165.9805861,,,,,,
1808,131,Burglary,3,3,380.2353522,,,,,,
1809,131,Criminal damage and arson,1,1,492.8223936,,,,,,
1810,131,Drugs,1,1,201.2560366,,,,,,
1811,131,Other crime,2,1,274.0131604,,,,,,
1812,131,Other theft,3,2,379.917307,,,,,,
1813,131,Possession of weapons,2,2,44.43394301,,,,,,
1814,131,Public order,3,3,259.0120999,,,,,,
1815,131,Robbery,2,3,232.7029777,,,,,,
1816,131,Shoplifting,1,1,389.7702049,,,,,,
1817,131,Theft from the person,2,2,72.00596296,,,,,,
1818,131,Vehicle crime,1,1,457.5617872,,,,,,
1819,131,Violence and sexual offences,1,2,444.2821521,,,,,,
1820,132,Anti-social behaviour,1,1,389.9781675,,,,,,
1821,132,Bicycle theft,1,2,100.8260387,,,,,,
1822,132,Burglary,2,3,423.2596824,,,,,,
1823,132,Criminal damage and arson,1,2,369.3131794,,,,,,
1824,132,Drugs,2,1,223.7881507,,,,,,
1825,132,Other crime,2,1,170.7869466,,,,,,
1826,132,Other theft,2,2,271.192747,,,,,,
1827,132,Possession of weapons,3,1,31.68878343,,,,,,
1828,132,Public order,2,1,203.3954056,,,,,,
1829,132,Robbery,2,2,214.4624336,,,,,,
1830,132,Shoplifting,3,1,76.86440053,,,,,,
1831,132,Theft from the person,1,3,-7.945581722,,,,,,
1832,132,Vehicle crime,1,1,451.1876736,,,,,,
1833,132,Violence and sexual offences,2,1,409.8162647,,,,,,
1834,133,Anti-social behaviour,3,3,488.0208078,,,,,,
1835,133,Bicycle theft,1,1,52.30868246,,,,,,
1836,133,Burglary,1,2,444.1133501,,,,,,
1837,133,Criminal damage and arson,2,2,354.3108928,,,,,,
1838,133,Drugs,1,2,280.5166008,,,,,,
1839,133,Other crime,3,1,293.2940847,,,,,,
1840,133,Other theft,2,2,390.8030631,,,,,,
1841,133,Possession of weapons,1,2,95.51583145,,,,,,
1842,133,Public order,1,1,309.1280583,,,,,,
1843,133,Robbery,1,1,303.1653153,,,,,,
1844,133,Shoplifting,3,2,89.37952373,,,,,,
1845,133,Theft from the person,2,2,47.02703718,,,,,,
1846,133,Vehicle crime,1,1,470.3488565,,,,,,
1847,133,Violence and sexual offences,2,1,456.422503,,,,,,
1848,134,Anti-social behaviour,2,1,634.9677414,,,,,,
1849,134,Bicycle theft,1,1,323.8205279,,,,,,
1850,134,Burglary,1,1,390.9830571,,,,,,
1851,134,Criminal damage and arson,1,1,462.1755761,,,,,,
1852,134,Drugs,1,1,385.8605788,,,,,,
1853,134,Other crime,3,3,377.5902513,,,,,,
1854,134,Other theft,2,2,553.8507772,,,,,,
1855,134,Possession of weapons,2,2,237.4127363,,,,,,
1856,134,Public order,3,2,382.3037933,,,,,,
1857,134,Robbery,2,2,433.0039858,,,,,,
1858,134,Shoplifting,2,2,237.50659,,,,,,
1859,134,Theft from the person,1,1,469.6676325,,,,,,
1860,134,Vehicle crime,1,1,467.6273217,,,,,,
1861,134,Violence and sexual offences,1,1,562.5326091,,,,,,
1862,135,Anti-social behaviour,1,1,682.1099452,,,,,,
1863,135,Bicycle theft,3,2,377.9141308,,,,,,
1864,135,Burglary,1,1,436.2681185,,,,,,
1865,135,Criminal damage and arson,3,3,494.0848716,,,,,,
1866,135,Drugs,3,2,458.9590561,,,,,,
1867,135,Other crime,2,3,382.0828106,,,,,,
1868,135,Other theft,2,3,636.20483,,,,,,
1869,135,Possession of weapons,1,1,302.2361879,,,,,,
1870,135,Public order,2,1,424.3255655,,,,,,
1871,135,Robbery,1,2,501.9378253,,,,,,
1872,135,Shoplifting,1,1,624.7529626,,,,,,
1873,135,Theft from the person,2,3,561.4321892,,,,,,
1874,135,Vehicle crime,1,1,584.8679668,,,,,,
1875,135,Violence and sexual offences,2,3,618.3900136,,,,,,
1876,136,Anti-social behaviour,1,1,605.5245642,,,,,,
1877,136,Bicycle theft,1,1,392.5065955,,,,,,
1878,136,Burglary,2,2,403.139483,,,,,,
1879,136,Criminal damage and arson,3,2,471.6902266,,,,,,
1880,136,Drugs,1,2,395.146791,,,,,,
1881,136,Other crime,2,2,384.4852889,,,,,,
1882,136,Other theft,1,1,586.8036162,,,,,,
1883,136,Possession of weapons,2,2,286.3527543,,,,,,
1884,136,Public order,1,2,413.2808664,,,,,,
1885,136,Robbery,1,1,456.3732553,,,,,,
1886,136,Shoplifting,3,2,389.484743,,,,,,
1887,136,Theft from the person,1,1,542.6171474,,,,,,
1888,136,Vehicle crime,3,3,580.0501172,,,,,,
1889,136,Violence and sexual offences,1,1,596.3042217,,,,,,
1890,137,Anti-social behaviour,1,1,582.1058488,,,,,,
1891,137,Bicycle theft,3,3,387.9097888,,,,,,
1892,137,Burglary,2,2,396.0716699,,,,,,
1893,137,Criminal damage and arson,3,3,425.4945724,,,,,,
1894,137,Drugs,1,1,328.2850727,,,,,,
1895,137,Other crime,3,3,370.7507576,,,,,,
1896,137,Other theft,2,2,543.6976414,,,,,,
1897,137,Possession of weapons,3,3,235.7842638,,,,,,
1898,137,Public order,2,2,358.263822,,,,,,
1899,137,Robbery,1,2,392.4069885,,,,,,
1900,137,Shoplifting,2,2,478.6458621,,,,,,
1901,137,Theft from the person,1,1,622.4446452,,,,,,
1902,137,Vehicle crime,1,3,538.7354172,,,,,,
1903,137,Violence and sexual offences,1,1,534.2716702,,,,,,
1904,138,Anti-social behaviour,1,1,743.6179944,,,,,,
1905,138,Bicycle theft,3,3,494.852491,,,,,,
1906,138,Burglary,2,3,523.2838203,,,,,,
1907,138,Criminal damage and arson,1,1,489.4077657,,,,,,
1908,138,Drugs,1,1,503.474296,,,,,,
1909,138,Other crime,2,1,509.9684159,,,,,,
1910,138,Other theft,2,2,675.4464489,,,,,,
1911,138,Possession of weapons,1,1,372.1244621,,,,,,
1912,138,Public order,1,2,555.8887037,,,,,,
1913,138,Robbery,1,1,496.7022784,,,,,,
1914,138,Shoplifting,2,3,710.6960004,,,,,,
1915,138,Theft from the person,1,1,669.2898781,,,,,,
1916,138,Vehicle crime,3,3,620.5299098,,,,,,
1917,138,Violence and sexual offences,1,2,641.2243576,,,,,,
1918,139,Anti-social behaviour,1,1,614.6493335,,,,,,
1919,139,Bicycle theft,1,1,299.3461332,,,,,,
1920,139,Burglary,1,1,454.5261306,,,,,,
1921,139,Criminal damage and arson,1,1,473.4843204,,,,,,
1922,139,Drugs,2,3,448.448821,,,,,,
1923,139,Other crime,3,3,453.7640688,,,,,,
1924,139,Other theft,1,1,600.9554027,,,,,,
1925,139,Possession of weapons,3,2,259.8007805,,,,,,
1926,139,Public order,2,3,429.9791131,,,,,,
1927,139,Robbery,1,3,396.349212,,,,,,
1928,139,Shoplifting,1,1,537.7790827,,,,,,
1929,139,Theft from the person,1,1,478.7453869,,,,,,
1930,139,Vehicle crime,3,3,566.2737185,,,,,,
1931,139,Violence and sexual offences,1,1,587.3955941,,,,,,
1932,140,Anti-social behaviour,3,3,530.9165056,,,,,,
1933,140,Bicycle theft,3,1,270.4645391,,,,,,
1934,140,Burglary,3,3,474.7129943,,,,,,
1935,140,Criminal damage and arson,1,1,466.4465018,,,,,,
1936,140,Drugs,1,1,344.8112585,,,,,,
1937,140,Other crime,1,1,335.8144983,,,,,,
1938,140,Other theft,1,3,428.8617158,,,,,,
1939,140,Possession of weapons,2,2,148.422481,,,,,,
1940,140,Public order,1,2,357.4367578,,,,,,
1941,140,Robbery,3,2,371.9576567,,,,,,
1942,140,Shoplifting,3,2,257.6333132,,,,,,
1943,140,Theft from the person,1,1,230.4481219,,,,,,
1944,140,Vehicle crime,2,2,453.3984033,,,,,,
1945,140,Violence and sexual offences,1,1,556.9860334,,,,,,
